"","plant_id","transition","size_t0","size_t1","leaf_length_t0","leaf_length_t1","leaf_width_t0","leaf_width_t1","no_fl","fl_stem_height","fl_infl_height","SL","surv","years","site","pr_fl"
"1",1,1,6,4,97,7.4,11,0.9,0,NA,NA,3,1,"2018 - 2019","Halle",0
"2",2,1,4,6,97,10.8,9,1.4,0,NA,NA,3,1,"2018 - 2019","Halle",0
"3",2,1,4,6,123,10.8,13,1.4,0,NA,NA,3,1,"2018 - 2019","Halle",0
"4",3,1,3,1,96,3,7,8.2,0,NA,NA,3,1,"2018 - 2019","Halle",0
"5",4,1,5,2,71,7,4,0.4,0,NA,NA,3,1,"2018 - 2019","Halle",0
"6",5,1,5,3,67,11.2,4,0.7,0,NA,NA,3,1,"2018 - 2019","Halle",0
"7",5,1,4,3,65,11.2,4,0.7,0,NA,NA,3,1,"2018 - 2019","Halle",0
"8",6,1,5,5,81,4,6,0.3,0,NA,NA,3,1,"2018 - 2019","Halle",0
"9",6,1,NA,5,55,4,4,0.3,0,NA,NA,3,0,"2018 - 2019","Halle",0
"10",7,1,7,8,64,11.8,4,0.7,0,NA,NA,3,1,"2018 - 2019","Halle",0
"11",8,1,6,4,86,10,4,0.7,0,NA,NA,3,1,"2018 - 2019","Halle",0
"12",8,1,2,4,46,10,3,0.7,0,NA,NA,3,1,"2018 - 2019","Halle",0
"13",9,1,4,9,139,10.8,8,0.7,2,18.8,0.6,3,1,"2018 - 2019","Halle",1
"14",11,1,6,7,95,11.7,10,0.7,2,14.5,0.6,3,1,"2018 - 2019","Halle",1
"15",13,1,3,2,90,3.1,4,0.2,0,NA,NA,3,1,"2018 - 2019","Halle",0
"16",15,1,4,2,82,3.5,5,0.3,0,NA,NA,3,1,"2018 - 2019","Halle",0
"17",17,1,5,7,108,10.2,7,0.8,0,NA,NA,3,1,"2018 - 2019","Halle",0
"18",19,1,4,9,135,15.2,10,1.2,0,NA,NA,3,1,"2018 - 2019","Halle",0
"19",21,1,6,17,106,11,13,0.9,0,NA,NA,0,1,"2018 - 2019","Halle",0
"20",23,1,5,10,99,11.5,11,0.7,0,NA,NA,0,1,"2018 - 2019","Halle",0
"21",25,1,4,4,88,11.4,2,0.5,0,NA,NA,0,1,"2018 - 2019","Halle",0
"22",25,1,2,4,62,11.4,3,0.5,0,NA,NA,0,1,"2018 - 2019","Halle",0
"23",28,1,4,NA,131,NA,5,NA,0,NA,NA,2,0,"2018 - 2019","Halle",0
"24",32,1,4,NA,91,NA,6,NA,0,NA,NA,2,0,"2018 - 2019","Halle",0
"25",33,1,3,NA,106,NA,9,NA,0,NA,NA,2,0,"2018 - 2019","Halle",0
"26",34,1,3,NA,101,NA,3,NA,0,NA,NA,2,0,"2018 - 2019","Halle",0
"27",57,1,6,NA,93,NA,6,NA,0,NA,NA,2,0,"2018 - 2019","Halle",0
"28",45,1,3,NA,35,NA,3,NA,0,NA,NA,2,0,"2018 - 2019","Halle",0
"29",45,1,1,NA,68,NA,6,NA,0,NA,NA,2,0,"2018 - 2019","Halle",0
"30",44,1,4,NA,130,NA,9,NA,0,NA,NA,2,0,"2018 - 2019","Halle",0
"31",48,1,2,NA,137,NA,12,NA,0,NA,NA,2,0,"2018 - 2019","Halle",0
"32",41,1,4,5,135,11,5,0.6,0,NA,NA,2,1,"2018 - 2019","Halle",0
"33",37,1,7,5,151,13,9,0.5,0,NA,NA,2,1,"2018 - 2019","Halle",0
"34",38,1,6,5,165,18.2,11,1,0,NA,NA,2,1,"2018 - 2019","Halle",0
"35",36,1,7,5,142,20.7,11,0.7,1,56,26,2,1,"2018 - 2019","Halle",1
"36",42,1,8,4,111,8.3,12,0.2,1,275,13,2,1,"2018 - 2019","Halle",1
"37",29,1,2,NA,66,NA,4,NA,0,NA,NA,2,0,"2018 - 2019","Halle",0
"38",31,1,8,NA,110,NA,14,NA,1,235,10,2,0,"2018 - 2019","Halle",1
"39",46,1,5,4,128,3.7,6,0.3,1,255,8,2,1,"2018 - 2019","Halle",1
"40",43,1,5,NA,91,NA,15,NA,0,NA,NA,2,0,"2018 - 2019","Halle",0
"41",47,1,4,NA,78,NA,4,NA,0,NA,NA,2,0,"2018 - 2019","Halle",0
"42",66,1,4,NA,107,NA,6,NA,0,NA,NA,2,0,"2018 - 2019","Halle",0
"43",69,1,9,NA,137,NA,16,NA,0,NA,NA,2,0,"2018 - 2019","Halle",0
"44",69,1,5,NA,139,NA,9,NA,0,NA,NA,2,0,"2018 - 2019","Halle",0
"45",86,1,4,NA,73,NA,7,NA,0,NA,NA,2,0,"2018 - 2019","Halle",0
"46",71,1,5,NA,131,NA,7,NA,0,NA,NA,2,0,"2018 - 2019","Halle",0
"47",83,1,4,NA,132,NA,10,NA,1,63,7,2,0,"2018 - 2019","Halle",1
"48",89,1,4,NA,163,NA,10,NA,0,NA,NA,2,0,"2018 - 2019","Halle",0
"49",67,1,3,NA,126,NA,7,NA,0,NA,NA,2,0,"2018 - 2019","Halle",0
"50",67,1,4,NA,157,NA,10,NA,0,NA,NA,2,0,"2018 - 2019","Halle",0
"51",87,1,5,NA,85,NA,8,NA,0,NA,NA,2,0,"2018 - 2019","Halle",0
"52",70,1,3,NA,91,NA,6,NA,2,198,8,2,0,"2018 - 2019","Halle",1
"53",84,1,4,NA,100,NA,7,NA,0,NA,NA,2,0,"2018 - 2019","Halle",0
"54",85,1,3,NA,122,NA,7,NA,0,NA,NA,2,0,"2018 - 2019","Halle",0
"55",85,1,3,NA,121,NA,7,NA,0,NA,NA,2,0,"2018 - 2019","Halle",0
"56",85,1,3,NA,80,NA,5,NA,0,NA,NA,2,0,"2018 - 2019","Halle",0
"57",93,1,5,5,124,11.1,7,0.7,0,NA,NA,2,1,"2018 - 2019","Halle",0
"58",103,1,9,6,139,10.3,11,0.6,1,321,15,0,1,"2018 - 2019","Halle",1
"59",109,1,5,NA,128,NA,6,NA,0,NA,NA,0,0,"2018 - 2019","Halle",0
"60",109,1,4,NA,120,NA,4,NA,0,NA,NA,0,0,"2018 - 2019","Halle",0
"61",111,1,3,NA,125,NA,10,NA,0,NA,NA,0,0,"2018 - 2019","Halle",0
"62",110,1,5,4,115,8.2,12,0.6,2,184,7,0,1,"2018 - 2019","Halle",1
"63",108,1,4,1,125,3.1,5,0.3,0,NA,NA,0,1,"2018 - 2019","Halle",0
"64",105,1,4,3,110,4.2,7,0.3,0,NA,NA,0,1,"2018 - 2019","Halle",0
"65",92,1,5,NA,110,NA,7,NA,0,NA,NA,2,0,"2018 - 2019","Halle",0
"66",94,1,4,4,125,8.7,7,0.7,0,NA,NA,2,1,"2018 - 2019","Halle",0
"67",95,1,3,NA,70,NA,3,NA,0,NA,NA,2,0,"2018 - 2019","Halle",0
"68",96,1,4,NA,104,NA,8,NA,0,NA,NA,2,0,"2018 - 2019","Halle",0
"69",97,1,6,4,140,10.6,10,0.6,0,NA,NA,2,1,"2018 - 2019","Halle",0
"70",98,1,4,3,111,8.5,40,0.2,0,NA,NA,2,1,"2018 - 2019","Halle",0
"71",100,1,4,NA,91,NA,5,NA,0,NA,NA,2,0,"2018 - 2019","Halle",0
"72",104,1,3,NA,82,NA,3,NA,0,NA,NA,2,0,"2018 - 2019","Halle",0
"73",114,1,3,1,90,1.6,3,0.2,0,NA,NA,2,1,"2018 - 2019","Halle",0
"74",78,1,4,5,130,15.8,10,0.9,0,NA,NA,2,1,"2018 - 2019","Halle",0
"75",80,1,4,2,80,4.4,6,0.5,0,NA,NA,2,1,"2018 - 2019","Halle",0
"76",81,1,7,13,138,9.7,7,0.6,0,NA,NA,2,1,"2018 - 2019","Halle",0
"77",82,1,3,4,132,13.5,7,1.3,0,NA,NA,2,1,"2018 - 2019","Halle",0
"78",88,1,3,4,160,15.3,8,0.7,0,NA,NA,2,1,"2018 - 2019","Halle",0
"79",89,1,5,NA,152,NA,12,NA,0,NA,NA,2,0,"2018 - 2019","Halle",0
"80",90,1,5,3,120,10.3,7,0.5,0,NA,NA,2,1,"2018 - 2019","Halle",0
"81",91,1,4,NA,130,NA,6,NA,0,NA,NA,2,0,"2018 - 2019","Halle",0
"82",92,1,4,NA,95,NA,7,NA,0,NA,NA,2,0,"2018 - 2019","Halle",0
"83",102,1,50,NA,115,NA,11,NA,0,NA,NA,2,0,"2018 - 2019","Halle",0
"84",99,1,30,3,70,11.5,5,0.3,0,NA,NA,2,1,"2018 - 2019","Halle",0
"85",99,1,30,3,110,11.5,4,0.3,0,NA,NA,2,1,"2018 - 2019","Halle",0
"86",101,1,30,NA,98,NA,5,NA,0,NA,NA,2,0,"2018 - 2019","Halle",0
"87",53,1,4,NA,90,NA,6,NA,0,NA,NA,2,0,"2018 - 2019","Halle",0
"88",54,1,3,NA,100,NA,3,NA,0,NA,NA,2,0,"2018 - 2019","Halle",0
"89",55,1,5,4,98,7,5,0.4,0,NA,NA,2,1,"2018 - 2019","Halle",0
"90",56,1,6,4,110,13,7,0.8,0,NA,NA,2,1,"2018 - 2019","Halle",0
"91",59,1,10,13,127,14.6,11,0.5,2,300,10,2,1,"2018 - 2019","Halle",1
"92",59,1,4,13,105,14.6,7,0.5,0,NA,NA,2,1,"2018 - 2019","Halle",0
"93",60,1,6,8,154,12.3,9,0.9,1,280,13,2,1,"2018 - 2019","Halle",1
"94",61,1,5,4,120,14.3,5,0.7,0,NA,NA,2,1,"2018 - 2019","Halle",0
"95",62,1,20,3,90,8,5,0.6,0,NA,NA,2,1,"2018 - 2019","Halle",0
"96",63,1,4,3,130,8.5,6,0.8,0,NA,NA,2,1,"2018 - 2019","Halle",0
"97",64,1,5,13,105,15.6,12,0.8,0,NA,NA,2,1,"2018 - 2019","Halle",0
"98",65,1,6,16,115,16.6,10,0.4,0,NA,NA,2,1,"2018 - 2019","Halle",0
"99",72,1,6,4,160,19.7,6,0.9,0,NA,NA,2,1,"2018 - 2019","Halle",0
"100",74,1,5,11,145,18,9,0.6,0,NA,NA,2,1,"2018 - 2019","Halle",0
"101",75,1,6,4,120,12.7,15,0.9,1,13,3,2,1,"2018 - 2019","Halle",1
"102",76,1,4,3,110,8.5,30,0.6,0,NA,NA,2,1,"2018 - 2019","Halle",0
"103",77,1,2,3,125,10,12,0.7,0,NA,NA,2,1,"2018 - 2019","Halle",0
"104",79,1,2,NA,75,NA,7,NA,0,NA,NA,2,0,"2018 - 2019","Halle",0
"105",39,1,7,NA,50,NA,3,NA,0,NA,NA,1,0,"2018 - 2019","Halle",0
"106",40,1,3,NA,65,NA,4,NA,0,NA,NA,1,0,"2018 - 2019","Halle",0
"107",49,1,5,8,95,14.5,8,1.5,0,NA,NA,2,1,"2018 - 2019","Halle",0
"108",50,1,4,4,148,16.2,17,1.4,1,185,5,2,1,"2018 - 2019","Halle",1
"109",51,1,9,4,140,9.6,7,0.5,1,115,5,2,1,"2018 - 2019","Halle",1
"110",52,1,5,5,165,19.2,11,0.6,0,NA,NA,2,1,"2018 - 2019","Halle",0
"111",52,1,2,5,52,19.2,3,0.6,0,NA,NA,2,1,"2018 - 2019","Halle",0
"112",52,1,6,5,170,19.2,14,0.6,1,230,8,2,1,"2018 - 2019","Halle",1
"113",53,1,4,NA,124,NA,5,NA,0,NA,NA,2,0,"2018 - 2019","Halle",0
"114",10,1,5,3,93,5,12,0.5,2,255,8,1,1,"2018 - 2019","Halle",1
"115",12,1,5,3,100,8,5,0.7,0,NA,NA,1,1,"2018 - 2019","Halle",0
"116",14,1,3,3,87,14.5,4,0.7,0,NA,NA,1,1,"2018 - 2019","Halle",0
"117",16,1,6,4,85,13.5,7,1,0,NA,NA,1,1,"2018 - 2019","Halle",0
"118",16,1,4,4,55,13.5,4,1,0,NA,NA,1,1,"2018 - 2019","Halle",0
"119",16,1,3,4,35,13.5,3,1,0,NA,NA,1,1,"2018 - 2019","Halle",0
"120",18,1,5,4,100,6.7,14,0.8,2,180,10,1,1,"2018 - 2019","Halle",1
"121",20,1,3,NA,55,NA,4,NA,0,NA,NA,1,0,"2018 - 2019","Halle",0
"122",22,1,7,3,160,5.6,20,0.5,2,280,12,1,1,"2018 - 2019","Halle",1
"123",22,1,7,3,85,5.6,6,0.5,0,NA,NA,1,1,"2018 - 2019","Halle",0
"124",22,1,7,3,110,5.6,10,0.5,0,NA,NA,1,1,"2018 - 2019","Halle",0
"125",24,1,3,NA,85,NA,3,NA,0,NA,NA,1,0,"2018 - 2019","Halle",0
"126",26,1,7,4,140,11.6,15,0.7,1,90,10,1,1,"2018 - 2019","Halle",1
"127",30,1,5,8,100,14,10,0.6,0,NA,NA,1,1,"2018 - 2019","Halle",0
"128",27,1,5,NA,120,NA,8,NA,1,165,8,1,0,"2018 - 2019","Halle",1
"129",35,1,2,NA,60,NA,3,NA,0,NA,NA,1,0,"2018 - 2019","Halle",0
"130",35,1,5,NA,75,NA,2,NA,0,NA,NA,1,0,"2018 - 2019","Halle",0
"131",35,1,4,NA,63,NA,7,NA,0,NA,NA,1,0,"2018 - 2019","Halle",0
"132",8,1,NA,4,NA,9,NA,0.6,0,NA,NA,0,0,"2018 - 2019","Halle",0
"133",8,1,NA,4,NA,10,NA,0.7,0,NA,NA,0,0,"2018 - 2019","Halle",0
"134",115,1,NA,4,NA,3.6,NA,0.4,0,NA,NA,0,0,"2018 - 2019","Halle",0
"135",12,1,NA,3,NA,8,NA,0.7,0,NA,NA,0,0,"2018 - 2019","Halle",0
"136",83,1,NA,NA,NA,NA,NA,NA,0,NA,NA,0,0,"2018 - 2019","Halle",0
"137",87,1,NA,NA,NA,NA,NA,NA,0,NA,NA,0,0,"2018 - 2019","Halle",0
"138",2,2,4,5,10.9,11.1,1.1,1.2,0,NA,NA,0,1,"2019 - 2020","Halle",0
"139",2,2,6,5,10.8,11.1,1.4,1.2,0,NA,NA,0,1,"2019 - 2020","Halle",0
"140",3,2,1,7,3,8.7,8.2,1.2,1,NA,NA,0,1,"2019 - 2020","Halle",1
"141",4,2,3,NA,11.5,NA,0.8,NA,0,NA,NA,0,0,"2019 - 2020","Halle",0
"142",5,2,3,2,1.3,5,0.9,0.4,0,NA,NA,0,1,"2019 - 2020","Halle",0
"143",5,2,3,2,11.2,5,0.7,0.4,1,13,0.6,0,1,"2019 - 2020","Halle",1
"144",6,2,4,6,9.5,10.8,0.7,1.4,0,NA,NA,0,1,"2019 - 2020","Halle",0
"145",6,2,5,6,4,10.8,0.3,1.4,0,NA,NA,0,1,"2019 - 2020","Halle",0
"146",7,2,8,7,11.8,11.3,0.7,0.6,0,NA,NA,0,1,"2019 - 2020","Halle",0
"147",8,2,4,NA,9,NA,0.6,NA,0,NA,NA,0,0,"2019 - 2020","Halle",0
"148",8,2,4,NA,10,NA,0.7,NA,0,NA,NA,0,0,"2019 - 2020","Halle",0
"149",9,2,9,3,10.8,9.7,0.7,0.8,0,NA,NA,0,1,"2019 - 2020","Halle",0
"150",11,2,7,5,11.7,8.1,0.7,0.6,0,NA,NA,0,1,"2019 - 2020","Halle",0
"151",13,2,2,NA,3.1,NA,0.2,NA,0,NA,NA,0,0,"2019 - 2020","Halle",0
"152",15,2,3,NA,6.7,NA,0.7,NA,0,NA,NA,0,0,"2019 - 2020","Halle",0
"153",17,2,7,3,10.2,12.4,0.8,0.6,0,NA,NA,0,1,"2019 - 2020","Halle",0
"154",19,2,9,NA,15.2,NA,1.2,NA,0,NA,NA,0,0,"2019 - 2020","Halle",0
"155",4,2,2,NA,7,NA,0.4,NA,0,NA,NA,0,0,"2019 - 2020","Halle",0
"156",115,2,4,2,3.6,6.3,0.4,0.5,0,NA,NA,0,1,"2019 - 2020","Halle",0
"157",112,2,5,9,9.9,9.4,0.8,0.8,0,NA,NA,0,1,"2019 - 2020","Halle",0
"158",15,2,2,NA,3.5,NA,0.3,NA,0,NA,NA,0,0,"2019 - 2020","Halle",0
"159",21,2,17,9,11,12.9,0.9,0.9,0,NA,NA,0,1,"2019 - 2020","Halle",0
"160",23,2,10,NA,11.5,NA,0.7,NA,0,NA,NA,0,0,"2019 - 2020","Halle",0
"161",25,2,4,NA,7.9,NA,0.3,NA,0,NA,NA,0,0,"2019 - 2020","Halle",0
"162",25,2,4,NA,11.4,NA,0.5,NA,0,NA,NA,0,0,"2019 - 2020","Halle",0
"163",10,2,4,4,11.5,8.9,1,0.8,0,NA,NA,0,1,"2019 - 2020","Halle",0
"164",12,2,3,NA,8,NA,0.7,NA,0,NA,NA,0,0,"2019 - 2020","Halle",0
"165",14,2,3,NA,14.5,NA,0.7,NA,0,NA,NA,0,0,"2019 - 2020","Halle",0
"166",16,2,3,NA,14.5,NA,0.7,NA,0,NA,NA,0,0,"2019 - 2020","Halle",0
"167",16,2,6,NA,10,NA,0.5,NA,0,NA,NA,0,0,"2019 - 2020","Halle",0
"168",16,2,4,NA,13.5,NA,1,NA,0,NA,NA,0,0,"2019 - 2020","Halle",0
"169",18,2,4,NA,6.7,NA,0.8,NA,0,NA,NA,0,0,"2019 - 2020","Halle",0
"170",22,2,3,NA,7.4,NA,0.4,NA,0,NA,NA,0,0,"2019 - 2020","Halle",0
"171",22,2,2,NA,6.2,NA,0.4,NA,0,NA,NA,0,0,"2019 - 2020","Halle",0
"172",22,2,3,NA,5.6,NA,0.5,NA,0,NA,NA,0,0,"2019 - 2020","Halle",0
"173",26,2,4,NA,13.4,NA,0.7,NA,1,18.8,0.8,0,0,"2019 - 2020","Halle",1
"174",30,2,8,NA,14,NA,0.6,NA,0,NA,NA,0,0,"2019 - 2020","Halle",0
"175",10,2,3,4,5,8.9,0.5,0.8,0,NA,NA,0,1,"2019 - 2020","Halle",0
"176",26,2,4,NA,13.8,NA,0.9,NA,0,NA,NA,0,0,"2019 - 2020","Halle",0
"177",26,2,4,NA,11.6,NA,0.7,NA,0,NA,NA,0,0,"2019 - 2020","Halle",0
"178",94,2,4,NA,8.7,NA,0.7,NA,0,NA,NA,0,0,"2019 - 2020","Halle",0
"179",97,2,4,NA,10.6,NA,0.6,NA,0,NA,NA,0,0,"2019 - 2020","Halle",0
"180",98,2,3,NA,8.5,NA,0.2,NA,0,NA,NA,0,0,"2019 - 2020","Halle",0
"181",114,2,1,NA,1.6,NA,0.2,NA,0,NA,NA,0,0,"2019 - 2020","Halle",0
"182",78,2,5,NA,15.8,NA,0.9,NA,2,14.3,0.7,0,0,"2019 - 2020","Halle",1
"183",80,2,2,NA,4.4,NA,0.5,NA,0,NA,NA,0,0,"2019 - 2020","Halle",0
"184",81,2,13,NA,9.7,NA,0.6,NA,0,NA,NA,0,0,"2019 - 2020","Halle",0
"185",82,2,4,NA,13.5,NA,1.3,NA,0,NA,NA,0,0,"2019 - 2020","Halle",0
"186",88,2,4,NA,15.3,NA,0.7,NA,0,NA,NA,0,0,"2019 - 2020","Halle",0
"187",90,2,3,NA,10.3,NA,0.5,NA,0,NA,NA,0,0,"2019 - 2020","Halle",0
"188",99,2,1,NA,6.5,NA,0.1,NA,0,NA,NA,0,0,"2019 - 2020","Halle",0
"189",99,2,3,NA,11.5,NA,0.3,NA,0,NA,NA,0,0,"2019 - 2020","Halle",0
"190",75,2,4,NA,12.7,NA,0.9,NA,0,NA,NA,0,0,"2019 - 2020","Halle",0
"191",76,2,3,NA,8.5,NA,0.6,NA,0,NA,NA,0,0,"2019 - 2020","Halle",0
"192",77,2,3,NA,10,NA,0.7,NA,0,NA,NA,0,0,"2019 - 2020","Halle",0
"193",49,2,8,NA,14.5,NA,1.5,NA,0,NA,NA,0,0,"2019 - 2020","Halle",0
"194",50,2,4,3,16.2,9.5,1.4,0.8,2,21,1.2,0,1,"2019 - 2020","Halle",1
"195",51,2,4,NA,9.6,NA,0.5,NA,0,NA,NA,0,0,"2019 - 2020","Halle",0
"196",52,2,2,NA,18.4,NA,0.4,NA,0,NA,NA,0,0,"2019 - 2020","Halle",0
"197",52,2,9,NA,17.3,NA,1.2,NA,0,NA,NA,0,0,"2019 - 2020","Halle",0
"198",52,2,5,NA,19.2,NA,0.6,NA,0,NA,NA,0,0,"2019 - 2020","Halle",0
"199",55,2,4,NA,7,NA,0.4,NA,0,NA,NA,0,0,"2019 - 2020","Halle",0
"200",56,2,4,NA,13,NA,0.8,NA,0,NA,NA,0,0,"2019 - 2020","Halle",0
"201",59,2,3,NA,7.4,NA,0.1,NA,0,NA,NA,0,0,"2019 - 2020","Halle",0
"202",59,2,13,NA,14.6,NA,0.5,NA,1,9.6,0.3,0,0,"2019 - 2020","Halle",1
"203",60,2,8,NA,12.3,NA,0.9,NA,0,NA,NA,0,0,"2019 - 2020","Halle",0
"204",61,2,4,NA,14.3,NA,0.7,NA,0,NA,NA,0,0,"2019 - 2020","Halle",0
"205",62,2,3,NA,8,NA,0.6,NA,0,NA,NA,0,0,"2019 - 2020","Halle",0
"206",63,2,3,NA,8.5,NA,0.8,NA,0,NA,NA,0,0,"2019 - 2020","Halle",0
"207",64,2,13,NA,15.6,NA,0.8,NA,0,NA,NA,0,0,"2019 - 2020","Halle",0
"208",65,2,16,NA,16.6,NA,0.4,NA,0,NA,NA,0,0,"2019 - 2020","Halle",0
"209",72,2,4,NA,19.7,NA,0.9,NA,0,NA,NA,0,0,"2019 - 2020","Halle",0
"210",74,2,11,NA,18,NA,0.6,NA,0,NA,NA,0,0,"2019 - 2020","Halle",0
"211",34,2,NA,NA,NA,NA,NA,NA,0,NA,NA,1,0,"2019 - 2020","Halle",0
"212",41,2,5,NA,11,NA,0.6,NA,0,NA,NA,1,0,"2019 - 2020","Halle",0
"213",37,2,4,NA,16.5,NA,1,NA,0,NA,NA,1,0,"2019 - 2020","Halle",0
"214",38,2,4,NA,20.1,NA,0.9,NA,0,NA,NA,1,0,"2019 - 2020","Halle",0
"215",37,2,5,NA,13,NA,0.5,NA,0,NA,NA,1,0,"2019 - 2020","Halle",0
"216",36,2,4,NA,12.7,NA,0.8,NA,0,NA,NA,1,0,"2019 - 2020","Halle",0
"217",42,2,4,NA,8.1,NA,1,NA,2,10.5,0.6,1,0,"2019 - 2020","Halle",1
"218",46,2,4,NA,3.7,NA,0.3,NA,0,NA,NA,1,0,"2019 - 2020","Halle",0
"219",42,2,3,NA,10.9,NA,0.9,NA,0,NA,NA,1,0,"2019 - 2020","Halle",0
"220",42,2,4,NA,8.2,NA,0.9,NA,0,NA,NA,1,0,"2019 - 2020","Halle",0
"221",42,2,4,NA,8.3,NA,0.2,NA,0,NA,NA,1,0,"2019 - 2020","Halle",0
"222",38,2,5,NA,18.2,NA,1,NA,0,NA,NA,1,0,"2019 - 2020","Halle",0
"223",36,2,3,NA,9.3,NA,0.6,NA,0,NA,NA,1,0,"2019 - 2020","Halle",0
"224",36,2,5,NA,20.7,NA,0.7,NA,0,NA,NA,1,0,"2019 - 2020","Halle",0
"225",93,2,5,NA,11.1,NA,0.7,NA,0,NA,NA,0,0,"2019 - 2020","Halle",0
"226",116,2,3,NA,8.3,NA,0.5,NA,0,NA,NA,0,0,"2019 - 2020","Halle",0
"227",103,2,2,NA,4.5,NA,0.4,NA,0,NA,NA,0,0,"2019 - 2020","Halle",0
"228",108,2,1,NA,3.1,NA,0.3,NA,0,NA,NA,0,0,"2019 - 2020","Halle",0
"229",105,2,2,NA,8.3,NA,0.4,NA,0,NA,NA,0,0,"2019 - 2020","Halle",0
"230",105,2,2,NA,7.6,NA,0.4,NA,0,NA,NA,0,0,"2019 - 2020","Halle",0
"231",105,2,3,NA,4.2,NA,0.3,NA,0,NA,NA,0,0,"2019 - 2020","Halle",0
"232",103,2,4,NA,5.9,NA,0.5,NA,0,NA,NA,0,0,"2019 - 2020","Halle",0
"233",103,2,5,NA,9,NA,0.6,NA,0,NA,NA,0,0,"2019 - 2020","Halle",0
"234",103,2,4,NA,9.7,NA,0.8,NA,0,NA,NA,0,0,"2019 - 2020","Halle",0
"235",103,2,6,NA,10.3,NA,0.6,NA,0,NA,NA,0,0,"2019 - 2020","Halle",0
"236",8,1,NA,2,NA,4.6,NA,0.3,0,NA,NA,2,0,"2018 - 2019","Halle",0
"237",8,1,NA,NA,NA,NA,NA,NA,0,NA,NA,2,0,"2018 - 2019","Halle",0
"238",115,1,NA,2,NA,6.3,NA,0.5,0,NA,NA,2,0,"2018 - 2019","Halle",0
"239",123,1,NA,4,NA,4.9,NA,0.5,0,NA,NA,5,0,"2018 - 2019","Halle",0
"240",12,1,NA,NA,NA,NA,NA,NA,0,NA,NA,3,0,"2018 - 2019","Halle",0
"241",131,1,NA,2,NA,8.4,NA,0.6,0,NA,NA,3,0,"2018 - 2019","Halle",0
"242",135,1,NA,5,NA,12.4,NA,0.8,0,NA,NA,8,0,"2018 - 2019","Halle",0
"243",136,1,NA,3,NA,6.1,NA,0.6,0,NA,NA,8,0,"2018 - 2019","Halle",0
"244",137,1,NA,3,NA,7.6,NA,0.5,0,NA,NA,8,0,"2018 - 2019","Halle",0
"245",138,1,NA,3,NA,3.6,NA,0.5,0,NA,NA,8,0,"2018 - 2019","Halle",0
"246",139,1,NA,3,NA,5,NA,0.4,0,NA,NA,8,0,"2018 - 2019","Halle",0
"247",140,1,NA,4,NA,6.3,NA,0.3,0,NA,NA,8,0,"2018 - 2019","Halle",0
"248",141,1,NA,4,NA,5,NA,0.4,0,NA,NA,8,0,"2018 - 2019","Halle",0
"249",132,1,NA,3,NA,8,NA,0.5,0,NA,NA,5,0,"2018 - 2019","Halle",0
"250",133,1,NA,3,NA,6.6,NA,0.4,0,NA,NA,5,0,"2018 - 2019","Halle",0
"251",134,1,NA,4,NA,4.5,NA,0.4,0,NA,NA,5,0,"2018 - 2019","Halle",0
"252",124,1,NA,3,NA,4.3,NA,0.3,0,NA,NA,2,0,"2018 - 2019","Halle",0
"253",125,1,NA,4,NA,5.2,NA,0.4,0,NA,NA,2,0,"2018 - 2019","Halle",0
"254",126,1,NA,3,NA,5,NA,0.4,0,NA,NA,2,0,"2018 - 2019","Halle",0
"255",2,3,3,3,10,139,0.9,19,0,0,0,2,1,"2020 - 2021","Halle",0
"256",2,3,5,3,11.1,139,1.2,19,1,14,1.1,2,1,"2020 - 2021","Halle",1
"257",3,3,7,9,8.7,200,1.2,19,0,0,0,2,1,"2020 - 2021","Halle",0
"258",4,3,6,6,5.7,164,0.7,12,0,0,0,2,1,"2020 - 2021","Halle",0
"259",5,3,1,NA,3.5,NA,0.6,NA,0,0,0,2,0,"2020 - 2021","Halle",0
"260",5,3,2,NA,5,NA,0.4,NA,0,0,0,2,0,"2020 - 2021","Halle",0
"261",6,3,NA,6,NA,152,NA,9,0,NA,NA,2,0,"2020 - 2021","Halle",0
"262",6,3,6,6,10.8,152,1.4,9,1,15.5,1,2,1,"2020 - 2021","Halle",1
"263",7,3,7,17,11.3,185,0.6,16,0,0,0,2,1,"2020 - 2021","Halle",0
"264",8,3,2,NA,4.6,NA,0.3,NA,0,0,0,2,0,"2020 - 2021","Halle",0
"265",8,3,NA,NA,NA,NA,NA,NA,0,NA,NA,2,0,"2020 - 2021","Halle",0
"266",9,3,3,4,9.7,169,0.8,8,0,0,0,2,1,"2020 - 2021","Halle",0
"267",11,3,5,4,8.1,110,0.6,6,0,0,0,2,1,"2020 - 2021","Halle",0
"268",17,3,3,3,12.4,110,0.6,4,0,0,0,2,1,"2020 - 2021","Halle",0
"269",4,3,NA,6,NA,164,NA,12,0,NA,NA,2,0,"2020 - 2021","Halle",0
"270",115,3,2,1,6.3,89,0.5,6,0,0,0,2,1,"2020 - 2021","Halle",0
"271",112,3,9,11,9.4,155,0.8,14,1,10.3,0.6,2,1,"2020 - 2021","Halle",1
"272",21,3,7,7,10.2,136,1,5,0,0,0,5,1,"2020 - 2021","Halle",0
"273",21,3,9,7,12.9,136,0.9,5,0,0,0,5,1,"2020 - 2021","Halle",0
"274",127,3,11,NA,9.2,NA,0.7,NA,0,0,0,5,0,"2020 - 2021","Halle",0
"275",123,3,4,NA,4.9,NA,0.5,NA,0,0,0,5,0,"2020 - 2021","Halle",0
"276",10,3,3,4,7.3,153,1,11,0,0,0,3,1,"2020 - 2021","Halle",0
"277",10,3,4,4,8.9,153,0.8,11,0,0,0,3,1,"2020 - 2021","Halle",0
"278",131,3,2,3,8.4,214,0.6,9,0,0,0,3,1,"2020 - 2021","Halle",0
"279",135,3,5,7,12.4,235,0.8,16,0,0,0,8,1,"2020 - 2021","Halle",0
"280",136,3,3,2,6.1,170,0.6,8,0,0,0,8,1,"2020 - 2021","Halle",0
"281",137,3,3,NA,7.6,NA,0.5,NA,0,0,0,8,0,"2020 - 2021","Halle",0
"282",138,3,3,4,3.6,80,0.5,4,0,0,0,8,1,"2020 - 2021","Halle",0
"283",139,3,3,3,5,114,0.4,6,0,0,0,8,1,"2020 - 2021","Halle",0
"284",140,3,4,2,6.3,80,0.3,2,0,0,0,8,1,"2020 - 2021","Halle",0
"285",141,3,4,NA,5,NA,0.4,NA,0,0,0,8,0,"2020 - 2021","Halle",0
"286",50,3,3,NA,9.5,NA,0.8,NA,0,0,0,6,0,"2020 - 2021","Halle",0
"287",128,3,3,3,7.7,144,0.3,8,0,0,0,5,1,"2020 - 2021","Halle",0
"288",129,3,3,13,5.5,250,0.6,14,0,0,0,5,1,"2020 - 2021","Halle",0
"289",130,3,3,6,6.5,212,0.4,11,0,0,0,5,1,"2020 - 2021","Halle",0
"290",132,3,3,5,8,228,0.5,15,0,0,0,5,1,"2020 - 2021","Halle",0
"291",133,3,3,5,6.6,171,0.4,8,0,0,0,5,1,"2020 - 2021","Halle",0
"292",134,3,4,NA,4.5,NA,0.4,NA,0,0,0,5,0,"2020 - 2021","Halle",0
"293",119,3,3,NA,5.2,NA,0.4,NA,0,0,0,2,0,"2020 - 2021","Halle",0
"294",120,3,3,5,3.5,81,0.4,4,0,0,0,2,1,"2020 - 2021","Halle",0
"295",121,3,3,6,3.9,164,0.4,9,0,0,0,2,1,"2020 - 2021","Halle",0
"296",122,3,3,NA,3.9,NA,0.4,NA,0,0,0,2,0,"2020 - 2021","Halle",0
"297",124,3,3,4,4.3,139,0.3,8,0,0,0,2,1,"2020 - 2021","Halle",0
"298",125,3,4,6,5.2,166,0.4,10,0,0,0,2,1,"2020 - 2021","Halle",0
"299",126,3,3,NA,5,NA,0.4,NA,0,0,0,2,0,"2020 - 2021","Halle",0
"300",8,1,NA,NA,NA,NA,NA,NA,0,NA,NA,0,0,"2018 - 2019","Halle",0
"301",115,1,NA,1,NA,89,NA,6,0,NA,NA,0,0,"2018 - 2019","Halle",0
"302",123,1,NA,NA,NA,NA,NA,NA,0,NA,NA,2,0,"2018 - 2019","Halle",0
"303",0,1,NA,3,NA,115,NA,6,0,NA,NA,2,0,"2018 - 2019","Halle",0
"304",131,1,NA,3,NA,214,NA,9,1,NA,NA,5,0,"2018 - 2019","Halle",1
"305",178,1,NA,4,NA,132,NA,6,0,NA,NA,5,0,"2018 - 2019","Halle",0
"306",135,1,NA,7,NA,235,NA,16,2,NA,NA,6,0,"2018 - 2019","Halle",1
"307",136,1,NA,2,NA,170,NA,8,0,NA,NA,6,0,"2018 - 2019","Halle",0
"308",137,1,NA,NA,NA,NA,NA,NA,0,NA,NA,6,0,"2018 - 2019","Halle",0
"309",138,1,NA,4,NA,80,NA,4,0,NA,NA,6,0,"2018 - 2019","Halle",0
"310",139,1,NA,3,NA,114,NA,6,0,NA,NA,6,0,"2018 - 2019","Halle",0
"311",140,1,NA,2,NA,80,NA,2,0,NA,NA,6,0,"2018 - 2019","Halle",0
"312",141,1,NA,5,NA,120,NA,5,0,NA,NA,6,0,"2018 - 2019","Halle",0
"313",3392,1,NA,3,NA,145,NA,6,0,NA,NA,6,0,"2018 - 2019","Halle",0
"314",179,1,NA,3,NA,150,NA,7,0,NA,NA,6,0,"2018 - 2019","Halle",0
"315",3393,1,NA,4,NA,180,NA,9,0,NA,NA,6,0,"2018 - 2019","Halle",0
"316",180,1,NA,4,NA,100,NA,5,0,NA,NA,6,0,"2018 - 2019","Halle",0
"317",3395,1,NA,4,NA,135,NA,7,0,NA,NA,6,0,"2018 - 2019","Halle",0
"318",3396,1,NA,4,NA,225,NA,4,0,NA,NA,6,0,"2018 - 2019","Halle",0
"319",132,1,NA,5,NA,228,NA,15,1,NA,NA,1,0,"2018 - 2019","Halle",1
"320",133,1,NA,5,NA,171,NA,8,0,NA,NA,1,0,"2018 - 2019","Halle",0
"321",134,1,NA,NA,NA,NA,NA,NA,0,NA,NA,1,0,"2018 - 2019","Halle",0
"322",141,1,NA,NA,NA,NA,NA,NA,0,NA,NA,1,0,"2018 - 2019","Halle",0
"323",177,1,NA,4,NA,122,NA,4,0,NA,NA,1,0,"2018 - 2019","Halle",0
"324",124,1,NA,4,NA,139,NA,8,0,NA,NA,8,0,"2018 - 2019","Halle",0
"325",125,1,NA,6,NA,166,NA,10,0,NA,NA,8,0,"2018 - 2019","Halle",0
"326",126,1,NA,NA,NA,NA,NA,NA,0,NA,NA,8,0,"2018 - 2019","Halle",0
"327",174,1,NA,5,NA,158,NA,8,0,NA,NA,8,0,"2018 - 2019","Halle",0
"328",175,1,NA,4,NA,101,NA,8,0,NA,NA,8,0,"2018 - 2019","Halle",0
"329",173,1,NA,5,NA,133,NA,6,0,NA,NA,4,0,"2018 - 2019","Halle",0
"1100",1,1,9,6,7,6.5,1.7,0.8,5,10.3,1,0,1,"2018 - 2019","Bad Lauchstädt",1
"2100",2,1,9,NA,14,NA,1.9,NA,6,17,2.1,0,0,"2018 - 2019","Bad Lauchstädt",1
"334",2,1,4,NA,7,NA,0.6,NA,1,11.5,1,0,0,"2018 - 2019","Bad Lauchstädt",1
"451",2,1,12,NA,8.6,NA,1,NA,2,15.5,1.4,0,0,"2018 - 2019","Bad Lauchstädt",1
"559",2,1,8,NA,8,NA,0.9,NA,3,13,1.3,0,0,"2018 - 2019","Bad Lauchstädt",1
"610",2,1,9,NA,9.8,NA,0.9,NA,3,13.5,1,0,0,"2018 - 2019","Bad Lauchstädt",1
"710",2,1,10,NA,12.7,NA,1.3,NA,4,14,1.7,0,0,"2018 - 2019","Bad Lauchstädt",1
"810",5,1,4,3,12.5,4,1.4,0.6,0,NA,NA,0,1,"2018 - 2019","Bad Lauchstädt",0
"910",4,1,7,NA,9,NA,1.3,NA,2,11,1,0,0,"2018 - 2019","Bad Lauchstädt",1
"1010",4,1,18,NA,10,NA,1.5,NA,6,15.5,1.7,0,0,"2018 - 2019","Bad Lauchstädt",1
"1110",4,1,6,NA,9,NA,1.2,NA,2,12,0.9,0,0,"2018 - 2019","Bad Lauchstädt",1
"1210",4,1,9,NA,14.5,NA,2,NA,5,18,2.5,0,0,"2018 - 2019","Bad Lauchstädt",1
"1310",4,1,5,NA,9,NA,1.7,NA,2,12.5,1.5,0,0,"2018 - 2019","Bad Lauchstädt",1
"1410",3,1,15,NA,12,NA,1.3,NA,3,19,2.5,0,0,"2018 - 2019","Bad Lauchstädt",1
"1510",3,1,7,NA,11.2,NA,1.5,NA,2,25,3,0,0,"2018 - 2019","Bad Lauchstädt",1
"1610",6,1,39,NA,13.8,NA,1.4,NA,23,21.2,2.2,1,0,"2018 - 2019","Bad Lauchstädt",1
"1710",7,1,49,NA,11.4,NA,1.5,NA,2,18.8,1.1,1,0,"2018 - 2019","Bad Lauchstädt",1
"1810",11,1,5,NA,9.3,NA,1.1,NA,2,17.3,1.5,1,0,"2018 - 2019","Bad Lauchstädt",1
"1910",10,1,6,NA,8.7,NA,1.3,NA,3,18.6,1.6,1,0,"2018 - 2019","Bad Lauchstädt",1
"2010",14,1,29,NA,10.4,NA,1.6,NA,6,18.4,2.3,1,0,"2018 - 2019","Bad Lauchstädt",1
"2110",15,1,32,NA,13.5,NA,1.4,NA,13,22.6,2.2,1,0,"2018 - 2019","Bad Lauchstädt",1
"2210",15,1,36,NA,16.1,NA,1.3,NA,22,34.5,3,1,0,"2018 - 2019","Bad Lauchstädt",1
"2310",16,1,17,NA,7.9,NA,1.1,NA,5,16.5,1.5,1,0,"2018 - 2019","Bad Lauchstädt",1
"2410",17,1,52,NA,17,NA,1.1,NA,27,3,3,1,0,"2018 - 2019","Bad Lauchstädt",1
"2510",18,1,10,7,8.5,9,1,1,0,NA,NA,1,1,"2018 - 2019","Bad Lauchstädt",0
"2610",19,1,25,NA,9.1,NA,0.9,NA,1,17.5,1.1,0,0,"2018 - 2019","Bad Lauchstädt",1
"2710",20,1,15,NA,12.3,NA,1.6,NA,7,24.3,1.4,0,0,"2018 - 2019","Bad Lauchstädt",1
"2810",21,1,11,NA,9.2,NA,0.7,NA,1,21.8,1.1,0,0,"2018 - 2019","Bad Lauchstädt",1
"2910",28,1,14,NA,13,NA,1.9,NA,8,36.5,2.4,0,0,"2018 - 2019","Bad Lauchstädt",1
"3010",22,1,12,NA,18.7,NA,2,NA,3,36,3.1,0,0,"2018 - 2019","Bad Lauchstädt",1
"3110",24,1,5,5,9,7.5,0.9,1.3,0,NA,NA,0,1,"2018 - 2019","Bad Lauchstädt",0
"3210",23,1,7,NA,18,NA,1.4,NA,1,29.5,1.5,0,0,"2018 - 2019","Bad Lauchstädt",1
"335",38,1,16,NA,12.7,NA,1.5,NA,4,21.6,1.4,0,0,"2018 - 2019","Bad Lauchstädt",1
"3410",26,1,8,NA,10.5,NA,1.6,NA,1,8.7,0.3,0,0,"2018 - 2019","Bad Lauchstädt",1
"3510",25,1,12,NA,15.6,NA,1.6,NA,3,37.1,2.2,0,0,"2018 - 2019","Bad Lauchstädt",1
"3610",27,1,11,NA,7.5,NA,0.8,NA,0,NA,NA,0,0,"2018 - 2019","Bad Lauchstädt",0
"3710",30,1,3,NA,6,NA,1.1,NA,1,9.1,0.7,1,0,"2018 - 2019","Bad Lauchstädt",1
"3810",29,1,11,6,8.7,6.5,1,0.8,0,NA,NA,1,1,"2018 - 2019","Bad Lauchstädt",0
"3910",32,1,9,NA,14.1,NA,1.2,NA,3,34.3,2.1,1,0,"2018 - 2019","Bad Lauchstädt",1
"4010",33,1,31,17,16,13,2,2,9,36.9,4,1,1,"2018 - 2019","Bad Lauchstädt",1
"4110",31,1,6,NA,7.7,NA,0.9,NA,1,14.5,0.8,1,0,"2018 - 2019","Bad Lauchstädt",1
"4210",31,1,4,NA,4.5,NA,0.4,NA,0,NA,NA,1,0,"2018 - 2019","Bad Lauchstädt",0
"4310",57,1,2,NA,4,NA,0.5,NA,1,15,1.3,2,0,"2018 - 2019","Bad Lauchstädt",1
"4410",55,1,4,17,9,10.1,1,1,0,NA,NA,2,1,"2018 - 2019","Bad Lauchstädt",0
"4510",41,1,34,NA,11.5,NA,1.9,NA,33,34.5,2.5,2,0,"2018 - 2019","Bad Lauchstädt",1
"4610",64,1,7,16,11.4,10,1.1,1.1,0,NA,NA,1,1,"2018 - 2019","Bad Lauchstädt",0
"4710",66,1,10,NA,8.2,NA,1.1,NA,3,22.1,1.8,1,0,"2018 - 2019","Bad Lauchstädt",1
"4810",67,1,3,5,6.6,6,1,1.5,0,NA,NA,1,1,"2018 - 2019","Bad Lauchstädt",0
"4910",69,1,5,4,5.9,5.5,0.6,0.5,0,NA,NA,1,1,"2018 - 2019","Bad Lauchstädt",0
"5010",47,1,7,NA,11.7,NA,1.5,NA,4,32.5,2.8,1,0,"2018 - 2019","Bad Lauchstädt",1
"5110",43,1,6,NA,10.5,NA,1.5,NA,5,38.7,3.7,1,0,"2018 - 2019","Bad Lauchstädt",1
"5210",37,1,11,NA,14.7,NA,1.7,NA,5,33.5,2.7,2,0,"2018 - 2019","Bad Lauchstädt",1
"5310",35,1,8,4,8.5,6,1,0.5,0,NA,NA,2,1,"2018 - 2019","Bad Lauchstädt",0
"5410",39,1,7,13,10.5,8,0.9,0.9,0,NA,NA,2,1,"2018 - 2019","Bad Lauchstädt",0
"5510",40,1,3,NA,11.3,NA,1,NA,0,NA,NA,2,0,"2018 - 2019","Bad Lauchstädt",0
"561",36,1,9,NA,11.5,NA,1.3,NA,1,17.9,1.5,2,0,"2018 - 2019","Bad Lauchstädt",1
"571",54,1,5,13,6.3,6.3,0.9,0.9,0,NA,NA,2,1,"2018 - 2019","Bad Lauchstädt",0
"591",9,1,6,3,6.7,9,0.7,0.5,3,17.2,0.7,2,1,"2018 - 2019","Bad Lauchstädt",1
"601",13,1,3,NA,5,NA,0.7,NA,2,7.5,0.7,2,0,"2018 - 2019","Bad Lauchstädt",1
"611",44,1,26,4,12.2,11.5,1.4,1.1,16,41.7,3.6,1,1,"2018 - 2019","Bad Lauchstädt",1
"621",49,1,10,5,11.2,6,1.5,0.6,6,32.4,3,1,1,"2018 - 2019","Bad Lauchstädt",1
"631",70,1,6,3,6.6,5.3,0.8,1,0,NA,NA,1,1,"2018 - 2019","Bad Lauchstädt",0
"641",81,1,3,3,8.2,5.5,0.6,0.3,0,NA,NA,1,1,"2018 - 2019","Bad Lauchstädt",0
"651",82,1,4,8,6.7,5.5,0.7,0.5,0,NA,NA,1,1,"2018 - 2019","Bad Lauchstädt",0
"661",51,1,5,4,8,3.4,0.5,0.3,0,NA,NA,1,1,"2018 - 2019","Bad Lauchstädt",0
"671",50,1,7,NA,11.3,NA,1.8,NA,3,27.2,1.9,1,0,"2018 - 2019","Bad Lauchstädt",1
"681",48,1,10,13,9.5,7,1.2,15,3,25.5,2,1,1,"2018 - 2019","Bad Lauchstädt",1
"691",48,1,5,13,8,7,1,15,3,20,1.2,1,1,"2018 - 2019","Bad Lauchstädt",1
"701",46,1,30,NA,11.4,NA,0.9,NA,11,19,2,1,0,"2018 - 2019","Bad Lauchstädt",1
"711",42,1,12,NA,10,NA,1.5,NA,12,24,1.7,1,0,"2018 - 2019","Bad Lauchstädt",1
"721",45,1,8,NA,11.5,NA,1,NA,0,NA,NA,1,0,"2018 - 2019","Bad Lauchstädt",0
"731",52,1,6,8,8,7.2,1.1,0.8,1,9.6,0.6,1,1,"2018 - 2019","Bad Lauchstädt",1
"741",75,1,2,3,9,2,0.9,0.3,0,NA,NA,1,1,"2018 - 2019","Bad Lauchstädt",0
"751",56,1,20,20,11.5,13.5,1.4,1,8,33,1.7,1,1,"2018 - 2019","Bad Lauchstädt",1
"761",53,1,6,5,8,5,1.7,0.6,1,18.5,1,1,1,"2018 - 2019","Bad Lauchstädt",1
"771",53,1,15,5,12.4,5,1.5,0.6,5,23,1,1,1,"2018 - 2019","Bad Lauchstädt",1
"781",74,1,9,NA,9.2,NA,1.4,NA,3,32.5,2.7,3,0,"2018 - 2019","Bad Lauchstädt",1
"791",68,1,13,8,9,8.5,0.9,0.8,7,23.3,1.7,3,1,"2018 - 2019","Bad Lauchstädt",1
"801",59,1,6,8,9.3,7,0.9,0.8,0,NA,NA,3,1,"2018 - 2019","Bad Lauchstädt",0
"811",61,1,4,4,7.4,9,0.5,0.8,0,NA,NA,3,1,"2018 - 2019","Bad Lauchstädt",0
"821",60,1,11,9,10,6,1.3,1.7,0,NA,NA,3,1,"2018 - 2019","Bad Lauchstädt",0
"831",58,1,15,NA,11.9,NA,0.7,NA,14,31.2,1.4,3,0,"2018 - 2019","Bad Lauchstädt",1
"841",62,1,8,4,11,5.2,1.5,0.7,3,28.7,1.3,3,1,"2018 - 2019","Bad Lauchstädt",1
"851",63,1,5,10,8.9,10.5,0.7,1.3,1,17.7,0.7,3,1,"2018 - 2019","Bad Lauchstädt",1
"861",65,1,6,7,8.5,9,0.8,1.4,0,NA,NA,3,1,"2018 - 2019","Bad Lauchstädt",0
"871",71,1,4,8,5.1,6,0.5,0.4,0,NA,NA,3,1,"2018 - 2019","Bad Lauchstädt",0
"881",73,1,4,NA,5.8,NA,0.5,NA,0,NA,NA,3,0,"2018 - 2019","Bad Lauchstädt",0
"891",72,1,56,6,14.5,7,1.2,0.6,35,37.8,2.4,3,1,"2018 - 2019","Bad Lauchstädt",1
"901",76,1,8,13,8.6,10,0.5,0.8,0,NA,NA,0,1,"2018 - 2019","Bad Lauchstädt",0
"911",77,1,4,4,9,6,0.7,0.8,0,NA,NA,0,1,"2018 - 2019","Bad Lauchstädt",0
"921",78,1,10,NA,12.3,NA,1.2,NA,0,NA,NA,0,0,"2018 - 2019","Bad Lauchstädt",0
"941",80,1,8,NA,9.4,NA,0.9,NA,4,10.8,0.6,0,0,"2018 - 2019","Bad Lauchstädt",1
"951",79,1,18,16,10.4,7,1.2,0.5,7,24.4,1.9,0,1,"2018 - 2019","Bad Lauchstädt",1
"961",84,1,5,3,10.3,9.6,0.9,1.1,0,NA,NA,0,1,"2018 - 2019","Bad Lauchstädt",0
"971",84,1,3,3,3.6,9.6,0.4,1.1,0,NA,NA,0,1,"2018 - 2019","Bad Lauchstädt",0
"981",85,1,6,4,8.7,8.5,1,1.4,0,NA,NA,0,1,"2018 - 2019","Bad Lauchstädt",0
"991",86,1,13,3,16,7.5,1.1,0.9,8,37.6,2.8,0,1,"2018 - 2019","Bad Lauchstädt",1
"1001",86,1,21,3,15.5,7.5,1.3,0.9,10,34.2,1.4,0,1,"2018 - 2019","Bad Lauchstädt",1
"1011",90,1,6,5,12.5,9,1.2,1.5,2,22.5,1.7,0,1,"2018 - 2019","Bad Lauchstädt",1
"1021",90,1,5,5,10.5,9,1.2,1.5,0,NA,NA,0,1,"2018 - 2019","Bad Lauchstädt",0
"1031",89,1,52,NA,12.4,NA,1.4,NA,16,33.4,2.2,0,0,"2018 - 2019","Bad Lauchstädt",1
"1041",94,1,4,5,8.7,8.2,0.9,0.2,2,14.7,0.8,5,1,"2018 - 2019","Bad Lauchstädt",1
"1051",93,1,4,1,8.4,7,0.6,0.6,0,NA,NA,5,1,"2018 - 2019","Bad Lauchstädt",0
"1061",92,1,6,5,9.7,6,0.8,0.3,0,NA,NA,5,1,"2018 - 2019","Bad Lauchstädt",0
"1071",96,1,3,2,6.7,6.5,0.6,0.6,0,NA,NA,5,1,"2018 - 2019","Bad Lauchstädt",0
"1081",91,1,7,NA,7.6,NA,0.7,NA,5,16.6,1.3,5,0,"2018 - 2019","Bad Lauchstädt",1
"1091",91,1,8,NA,5.1,NA,0.7,NA,3,6.6,0.8,5,0,"2018 - 2019","Bad Lauchstädt",1
"1101",91,1,5,NA,3.7,NA,0.3,NA,1,11.2,0.9,5,0,"2018 - 2019","Bad Lauchstädt",1
"1111",91,1,6,NA,7.8,NA,0.9,NA,4,21.6,1.7,5,0,"2018 - 2019","Bad Lauchstädt",1
"1121",95,1,3,NA,6.8,NA,0.5,NA,0,NA,NA,5,0,"2018 - 2019","Bad Lauchstädt",0
"1131",97,1,7,5,5.4,6,0.8,0.7,2,12.2,1,5,1,"2018 - 2019","Bad Lauchstädt",1
"1141",110,1,3,2,7.1,2.4,0.6,0.4,0,NA,NA,5,1,"2018 - 2019","Bad Lauchstädt",0
"1151",101,1,9,NA,8.3,NA,1,NA,0,NA,NA,5,0,"2018 - 2019","Bad Lauchstädt",0
"1161",100,1,6,4,9.8,3.5,0.6,0.8,0,NA,NA,5,1,"2018 - 2019","Bad Lauchstädt",0
"1171",111,1,7,7,8.8,7.6,1,0.9,2,19.4,1.5,5,1,"2018 - 2019","Bad Lauchstädt",1
"1181",109,1,5,12,6.7,6.5,0.9,0.7,0,NA,NA,5,1,"2018 - 2019","Bad Lauchstädt",0
"1191",109,1,3,12,3.3,6.5,0.4,0.7,0,NA,NA,5,1,"2018 - 2019","Bad Lauchstädt",0
"1201",88,1,8,10,8.4,6.7,0.8,0.7,6,15.3,1,5,1,"2018 - 2019","Bad Lauchstädt",1
"1211",105,1,17,12,5.5,6.5,0.8,0.9,0,NA,NA,5,1,"2018 - 2019","Bad Lauchstädt",0
"1221",103,1,6,5,8.6,5.6,0.6,0.5,0,NA,NA,5,1,"2018 - 2019","Bad Lauchstädt",0
"1231",106,1,3,NA,5.9,NA,0.5,NA,0,NA,NA,5,0,"2018 - 2019","Bad Lauchstädt",0
"1241",104,1,4,9,8.4,6,0.8,0.8,1,12.1,0.7,5,1,"2018 - 2019","Bad Lauchstädt",1
"1251",107,1,4,6,5.8,8,0.4,1.2,0,NA,NA,5,1,"2018 - 2019","Bad Lauchstädt",0
"1261",108,1,5,5,6.7,5,0.7,0.4,0,NA,NA,5,1,"2018 - 2019","Bad Lauchstädt",0
"1271",98,1,7,5,9.2,0.7,0.4,0.4,0,NA,NA,5,1,"2018 - 2019","Bad Lauchstädt",0
"1281",99,1,5,6,7.8,6.7,0.6,0.7,1,13.9,0.9,5,1,"2018 - 2019","Bad Lauchstädt",1
"1291",117,1,6,7,7,8,0.7,0.9,0,NA,NA,5,1,"2018 - 2019","Bad Lauchstädt",0
"1301",119,1,6,5,6.5,1.1,0.6,0.1,0,NA,NA,5,1,"2018 - 2019","Bad Lauchstädt",0
"1311",118,1,13,7,7.9,6,1.4,0.6,4,18.3,1.5,5,1,"2018 - 2019","Bad Lauchstädt",1
"1321",102,1,8,NA,11.7,NA,1.9,NA,3,32.9,3,5,0,"2018 - 2019","Bad Lauchstädt",1
"1331",112,1,26,NA,10.4,NA,1.2,NA,10,30.5,1.1,5,0,"2018 - 2019","Bad Lauchstädt",1
"1341",113,1,3,4,4.4,2.5,0.3,0.3,0,NA,NA,5,1,"2018 - 2019","Bad Lauchstädt",0
"1351",116,1,6,NA,9.6,NA,0.9,NA,3,16.1,1.1,5,0,"2018 - 2019","Bad Lauchstädt",1
"1361",114,1,10,NA,11.7,NA,1.6,NA,0,NA,NA,5,0,"2018 - 2019","Bad Lauchstädt",0
"1371",129,1,NA,4,NA,9.3,NA,0.7,1,NA,NA,0,0,"2018 - 2019","Bad Lauchstädt",1
"1381",34,1,NA,15,NA,10.5,NA,1,3,NA,NA,0,0,"2018 - 2019","Bad Lauchstädt",1
"1391",120,1,NA,5,NA,10.6,NA,1,1,NA,NA,0,0,"2018 - 2019","Bad Lauchstädt",1
"1401",121,1,NA,21,NA,4,NA,0.8,7,NA,NA,0,0,"2018 - 2019","Bad Lauchstädt",1
"1411",122,1,NA,6,NA,5,NA,9.3,2,NA,NA,0,0,"2018 - 2019","Bad Lauchstädt",1
"1421",128,1,NA,10,NA,5.5,NA,0.5,1,NA,NA,0,0,"2018 - 2019","Bad Lauchstädt",1
"1431",127,1,NA,9,NA,10,NA,1,8,NA,NA,0,0,"2018 - 2019","Bad Lauchstädt",1
"1441",130,1,NA,12,NA,8,NA,1,10,NA,NA,0,0,"2018 - 2019","Bad Lauchstädt",1
"1451",2080,1,NA,6,NA,4,NA,0.4,0,NA,NA,1,0,"2018 - 2019","Bad Lauchstädt",0
"1461",1,2,6,NA,6.5,NA,0.8,NA,1,2.5,0.5,0,0,"2019 - 2020","Bad Lauchstädt",1
"1531",5,2,3,NA,4,NA,0.6,NA,0,NA,NA,0,0,"2019 - 2020","Bad Lauchstädt",0
"1701",18,2,7,NA,9,NA,1,NA,3,28,1.5,0,0,"2019 - 2020","Bad Lauchstädt",1
"1761",24,2,5,3,7.5,3.5,1.3,0.7,1,4,1.2,0,1,"2019 - 2020","Bad Lauchstädt",1
"1831",29,2,5,6,9,8.5,1.3,1.2,2,5,0.5,0,1,"2019 - 2020","Bad Lauchstädt",1
"1851",33,2,17,NA,13,NA,2,NA,4,31,2.2,0,0,"2019 - 2020","Bad Lauchstädt",1
"1881",29,2,6,6,6.5,8.5,0.8,1.2,1,11,0.6,0,1,"2019 - 2020","Bad Lauchstädt",1
"1901",55,2,17,9,10.1,8.2,1,1,4,12.9,12,0,1,"2019 - 2020","Bad Lauchstädt",1
"1931",35,2,4,NA,6,NA,0.5,NA,1,1.5,24,0,0,"2019 - 2020","Bad Lauchstädt",1
"1941",39,2,13,24,8,12.7,0.9,1,1,5.5,1.5,0,1,"2019 - 2020","Bad Lauchstädt",1
"1971",54,2,13,5,6.3,6.4,0.9,0.6,5,13.8,0.6,0,1,"2019 - 2020","Bad Lauchstädt",1
"1981",129,2,4,5,9.3,4.5,0.7,6,1,12.7,0.8,0,1,"2019 - 2020","Bad Lauchstädt",1
"1991",9,2,4,8,6.5,0.5,0.5,0.2,2,12.5,0.5,0,1,"2019 - 2020","Bad Lauchstädt",1
"2011",34,2,15,4,10.5,14.7,1,1.3,3,11,0.5,0,1,"2019 - 2020","Bad Lauchstädt",1
"2021",9,2,3,8,9,0.5,0.5,0.2,1,17,0.8,0,1,"2019 - 2020","Bad Lauchstädt",1
"2031",120,2,5,5,10.6,9.5,1,1,1,11.5,1,0,1,"2019 - 2020","Bad Lauchstädt",1
"2041",121,2,21,10,4,5,0.8,1.1,7,12.5,9.8,0,1,"2019 - 2020","Bad Lauchstädt",1
"2051",122,2,6,5,5,7,9.3,0.8,2,16,0.5,0,1,"2019 - 2020","Bad Lauchstädt",1
"2061",128,2,10,8,5.5,6.4,0.5,1,1,17.6,1,0,1,"2019 - 2020","Bad Lauchstädt",1
"2071",64,2,16,5,10,15.5,1.1,1,8,21.6,1.8,0,1,"2019 - 2020","Bad Lauchstädt",1
"2091",67,2,5,7,6,13.5,1.5,1.2,1,16,1,0,1,"2019 - 2020","Bad Lauchstädt",1
"2101",69,2,4,NA,5.5,NA,0.5,NA,0,NA,NA,0,0,"2019 - 2020","Bad Lauchstädt",0
"2131",44,2,4,3,11.5,9.3,1.1,0.9,3,19,1.7,0,1,"2019 - 2020","Bad Lauchstädt",1
"2141",49,2,5,6,6,10,0.6,1.2,3,15.5,0.7,0,1,"2019 - 2020","Bad Lauchstädt",1
"2151",70,2,3,6,5.3,12.3,1,1.2,0,0,0,0,1,"2019 - 2020","Bad Lauchstädt",0
"2161",127,2,9,5,10,11,1,1,8,24.5,2,0,1,"2019 - 2020","Bad Lauchstädt",1
"2171",81,2,3,3,5.5,5.5,0.3,0.4,0,0,0,0,1,"2019 - 2020","Bad Lauchstädt",0
"2181",82,2,8,4,5.5,13.4,0.5,1.6,1,15,1,0,1,"2019 - 2020","Bad Lauchstädt",1
"2191",51,2,4,NA,3.4,NA,0.3,NA,0,0,0,0,0,"2019 - 2020","Bad Lauchstädt",0
"2201",50,2,NA,5,NA,11,NA,1.3,0,NA,NA,0,0,"2019 - 2020","Bad Lauchstädt",0
"2211",48,2,9,6,10.1,8.3,1,1,4,12,0.8,0,1,"2019 - 2020","Bad Lauchstädt",1
"2221",48,2,13,6,7,8.3,15,1,5,16,1.7,0,1,"2019 - 2020","Bad Lauchstädt",1
"2261",52,2,8,16,7.2,9.2,0.8,1,3,12.5,0.8,0,1,"2019 - 2020","Bad Lauchstädt",1
"2271",75,2,3,4,2,1.2,0.3,0.2,0,0,0,0,1,"2019 - 2020","Bad Lauchstädt",0
"2281",56,2,20,47,13.5,19.8,1,2.1,7,17.5,1.3,0,1,"2019 - 2020","Bad Lauchstädt",1
"2291",53,2,12,5,6.5,6.8,0.6,0.4,4,13,0.5,0,1,"2019 - 2020","Bad Lauchstädt",1
"2301",53,2,5,5,5,6.8,0.6,0.4,3,14.5,0.6,0,1,"2019 - 2020","Bad Lauchstädt",1
"2321",68,2,8,33,8.5,12,0.8,1.2,9,17.4,0.7,1,1,"2019 - 2020","Bad Lauchstädt",1
"2331",59,2,8,5,7,15,0.8,1.1,3,17,0.8,1,1,"2019 - 2020","Bad Lauchstädt",1
"2341",61,2,4,5,9,10.2,0.8,0.9,4,31.5,2,1,1,"2019 - 2020","Bad Lauchstädt",1
"2351",60,2,10,4,10,12.9,1.9,1.1,4,24,1.2,1,1,"2019 - 2020","Bad Lauchstädt",1
"2371",62,2,4,3,5.2,11.3,0.7,1.3,0,NA,NA,1,1,"2019 - 2020","Bad Lauchstädt",0
"2381",63,2,10,5,10.5,15.2,1.3,0.9,4,19.5,1.4,1,1,"2019 - 2020","Bad Lauchstädt",1
"2391",65,2,7,8,9,16.1,1.4,1.4,3,11.5,1,1,1,"2019 - 2020","Bad Lauchstädt",1
"2401",71,2,8,7,6,9.5,0.4,1.2,3,19.9,1.1,1,1,"2019 - 2020","Bad Lauchstädt",1
"2421",72,2,6,NA,7,NA,0.6,NA,3,10.7,0.5,1,0,"2019 - 2020","Bad Lauchstädt",1
"2431",60,2,9,4,6,12.9,1.7,1.1,0,NA,NA,1,1,"2019 - 2020","Bad Lauchstädt",0
"2441",76,2,13,32,10,13,0.8,1.2,6,26.4,2,0,1,"2019 - 2020","Bad Lauchstädt",1
"2451",77,2,4,15,6,20.5,0.8,2.6,0,NA,NA,0,1,"2019 - 2020","Bad Lauchstädt",0
"2471",130,2,12,NA,8,NA,1,NA,10,18.5,1.5,0,0,"2019 - 2020","Bad Lauchstädt",1
"2491",79,2,16,30,7,10,0.5,1.5,0,NA,NA,0,1,"2019 - 2020","Bad Lauchstädt",0
"2501",84,2,8,8,5.5,7,0.9,1,2,13,0.4,0,1,"2019 - 2020","Bad Lauchstädt",1
"2511",84,2,3,8,9.6,7,1.1,1,0,NA,NA,0,1,"2019 - 2020","Bad Lauchstädt",0
"2521",85,2,4,3,8.5,11,1.4,1.2,2,15,1,0,1,"2019 - 2020","Bad Lauchstädt",1
"2531",86,2,5,NA,10,NA,0.9,NA,1,8.5,0.7,0,0,"2019 - 2020","Bad Lauchstädt",1
"2541",86,2,3,NA,7.5,NA,0.9,NA,1,10.3,1.2,0,0,"2019 - 2020","Bad Lauchstädt",1
"2551",90,2,1,7,4.8,9.5,1.1,1.1,1,17,0.7,0,1,"2019 - 2020","Bad Lauchstädt",1
"2561",90,2,5,7,9,9.5,1.5,1.1,3,20,1.5,0,1,"2019 - 2020","Bad Lauchstädt",1
"2581",94,2,5,5,8.2,5,0.2,0.8,1,16.6,0.7,1,1,"2019 - 2020","Bad Lauchstädt",1
"2591",93,2,1,10,7,11,0.6,0.9,2,15.9,0.9,1,1,"2019 - 2020","Bad Lauchstädt",1
"2601",92,2,5,3,6,10.5,0.3,1,0,NA,NA,1,1,"2019 - 2020","Bad Lauchstädt",0
"2611",96,2,2,4,6.5,9,0.6,0.7,2,16.5,0.6,1,1,"2019 - 2020","Bad Lauchstädt",1
"2621",91,2,4,2,5,4,0.7,0.8,3,7,0.5,1,1,"2019 - 2020","Bad Lauchstädt",1
"2631",91,2,3,2,2,4,0.4,0.8,0,0,0,1,1,"2019 - 2020","Bad Lauchstädt",0
"2641",91,2,NA,2,NA,4,NA,0.8,0,NA,NA,1,0,"2019 - 2020","Bad Lauchstädt",0
"2651",91,2,NA,2,NA,4,NA,0.8,0,NA,NA,1,0,"2019 - 2020","Bad Lauchstädt",0
"2671",97,2,5,5,6,6.5,0.7,0.9,2,14,0.6,1,1,"2019 - 2020","Bad Lauchstädt",1
"2691",101,2,NA,5,NA,6,NA,0.8,0,NA,NA,1,0,"2019 - 2020","Bad Lauchstädt",0
"2701",2080,2,6,5,4,7,0.4,0.8,0,NA,NA,1,1,"2019 - 2020","Bad Lauchstädt",0
"2711",100,2,4,3,9.6,7,1.2,0.7,3,19.5,1.1,1,1,"2019 - 2020","Bad Lauchstädt",1
"2721",111,2,7,4,7.6,7,0.9,0.7,3,9.3,0.8,1,1,"2019 - 2020","Bad Lauchstädt",1
"2731",109,2,6,2,7,6,0.8,0.8,0,NA,NA,1,1,"2019 - 2020","Bad Lauchstädt",0
"2741",109,2,12,2,6.5,6,0.7,0.8,3,11.2,0.5,1,1,"2019 - 2020","Bad Lauchstädt",1
"2751",88,2,10,3,6.7,10,0.7,0.6,5,16,0.9,1,1,"2019 - 2020","Bad Lauchstädt",1
"2771",103,2,6,NA,5.5,NA,0.6,NA,1,11.6,0.6,1,0,"2019 - 2020","Bad Lauchstädt",1
"2781",106,2,NA,NA,NA,NA,NA,NA,0,NA,NA,1,0,"2019 - 2020","Bad Lauchstädt",0
"2791",104,2,9,7,6,12,0.8,1.4,2,19.5,1.2,1,1,"2019 - 2020","Bad Lauchstädt",1
"2801",107,2,6,4,8,7.5,1.2,0.6,2,5.5,0.5,1,1,"2019 - 2020","Bad Lauchstädt",1
"2811",108,2,5,5,5,7,0.4,0.5,0,NA,NA,1,1,"2019 - 2020","Bad Lauchstädt",0
"2821",98,2,6,6,6,5.5,0.4,0.6,0,NA,NA,1,1,"2019 - 2020","Bad Lauchstädt",0
"2831",103,2,5,NA,5.6,NA,0.5,NA,0,NA,NA,1,0,"2019 - 2020","Bad Lauchstädt",0
"2841",99,2,6,5,6.7,12,0.7,0.9,2,13.5,0.8,1,1,"2019 - 2020","Bad Lauchstädt",1
"2851",117,2,7,6,8,6.5,0.9,1,2,22.9,0.7,1,1,"2019 - 2020","Bad Lauchstädt",1
"2861",119,2,4,3,3.5,4,0.4,0.5,0,NA,NA,1,1,"2019 - 2020","Bad Lauchstädt",0
"2871",118,2,7,5,6,3,0.6,0.7,0,NA,NA,1,1,"2019 - 2020","Bad Lauchstädt",0
"2901",113,2,4,3,2.5,7,0.3,0.5,0,NA,NA,1,1,"2019 - 2020","Bad Lauchstädt",0
"2931",98,2,5,6,0.7,5.5,0.4,0.6,0,NA,NA,1,1,"2019 - 2020","Bad Lauchstädt",0
"2941",119,2,5,3,1.1,4,0.1,0.5,0,NA,NA,1,1,"2019 - 2020","Bad Lauchstädt",0
"2951",100,2,5,3,8.5,7,1.2,0.7,3,17.8,0.7,1,1,"2019 - 2020","Bad Lauchstädt",1
"2961",100,2,4,3,3.5,7,0.8,0.7,0,NA,NA,1,1,"2019 - 2020","Bad Lauchstädt",0
"2971",142,1,NA,1,NA,3,NA,0.5,0,NA,NA,2,0,"2018 - 2019","Bad Lauchstädt",0
"2981",143,1,NA,1,NA,2,NA,0.5,0,NA,NA,2,0,"2018 - 2019","Bad Lauchstädt",0
"2991",144,1,NA,2,NA,3.5,NA,0.5,0,NA,NA,2,0,"2018 - 2019","Bad Lauchstädt",0
"3001",145,1,NA,2,NA,2.5,NA,0.5,0,NA,NA,9,0,"2018 - 2019","Bad Lauchstädt",0
"3011",146,1,NA,13,NA,9,NA,1.2,1,NA,NA,1,0,"2018 - 2019","Bad Lauchstädt",1
"3021",147,1,NA,3,NA,3,NA,0.5,0,NA,NA,1,0,"2018 - 2019","Bad Lauchstädt",0
"3031",148,1,NA,4,NA,3.4,NA,0.4,1,NA,NA,1,0,"2018 - 2019","Bad Lauchstädt",1
"3041",149,1,NA,5,NA,16.5,NA,0.9,0,NA,NA,1,0,"2018 - 2019","Bad Lauchstädt",0
"3051",149,1,NA,5,NA,19.9,NA,1.2,1,NA,NA,1,0,"2018 - 2019","Bad Lauchstädt",1
"3061",149,1,NA,3,NA,12.1,NA,0.6,0,NA,NA,1,0,"2018 - 2019","Bad Lauchstädt",0
"3071",150,1,NA,4,NA,7.5,NA,0.7,0,NA,NA,12,0,"2018 - 2019","Bad Lauchstädt",0
"3081",151,1,NA,4,NA,9.5,NA,1,0,NA,NA,12,0,"2018 - 2019","Bad Lauchstädt",0
"3091",151,1,NA,3,NA,2.7,NA,0.4,1,NA,NA,12,0,"2018 - 2019","Bad Lauchstädt",1
"3101",152,1,NA,3,NA,6.9,NA,0.8,0,NA,NA,12,0,"2018 - 2019","Bad Lauchstädt",0
"3111",153,1,NA,4,NA,8,NA,0.8,0,NA,NA,12,0,"2018 - 2019","Bad Lauchstädt",0
"3121",154,1,NA,4,NA,7.4,NA,0.5,0,NA,NA,13,0,"2018 - 2019","Bad Lauchstädt",0
"3131",155,1,NA,4,NA,6.2,NA,0.4,0,NA,NA,13,0,"2018 - 2019","Bad Lauchstädt",0
"3141",159,1,NA,4,NA,7.9,NA,0.9,0,NA,NA,13,0,"2018 - 2019","Bad Lauchstädt",0
"3151",161,1,NA,3,NA,5.9,NA,0.4,0,NA,NA,13,0,"2018 - 2019","Bad Lauchstädt",0
"3161",163,1,NA,3,NA,3.4,NA,0.4,0,NA,NA,13,0,"2018 - 2019","Bad Lauchstädt",0
"3171",165,1,NA,5,NA,2.4,NA,0.3,0,NA,NA,13,0,"2018 - 2019","Bad Lauchstädt",0
"3181",166,1,NA,4,NA,6.2,NA,0.8,0,NA,NA,13,0,"2018 - 2019","Bad Lauchstädt",0
"3191",167,1,NA,3,NA,5.7,NA,0.4,0,NA,NA,13,0,"2018 - 2019","Bad Lauchstädt",0
"3201",168,1,NA,3,NA,13.5,NA,0.7,2,NA,NA,9,0,"2018 - 2019","Bad Lauchstädt",1
"3211",168,1,NA,4,NA,12.6,NA,0.9,0,NA,NA,9,0,"2018 - 2019","Bad Lauchstädt",0
"3221",168,1,NA,4,NA,9,NA,0.8,0,NA,NA,9,0,"2018 - 2019","Bad Lauchstädt",0
"3231",168,1,NA,7,NA,14,NA,1.2,0,NA,NA,9,0,"2018 - 2019","Bad Lauchstädt",0
"3241",168,1,NA,3,NA,8.2,NA,0.4,0,NA,NA,9,0,"2018 - 2019","Bad Lauchstädt",0
"3251",168,1,NA,3,NA,11,NA,0.6,0,NA,NA,9,0,"2018 - 2019","Bad Lauchstädt",0
"3261",171,1,NA,3,NA,8,NA,0.6,0,NA,NA,9,0,"2018 - 2019","Bad Lauchstädt",0
"3271",172,1,NA,3,NA,11,NA,0.8,0,NA,NA,9,0,"2018 - 2019","Bad Lauchstädt",0
"3281",156,1,NA,3,NA,11.5,NA,0.8,0,NA,NA,24,0,"2018 - 2019","Bad Lauchstädt",0
"3291",157,1,NA,3,NA,3.5,NA,0.5,0,NA,NA,24,0,"2018 - 2019","Bad Lauchstädt",0
"330",158,1,NA,2,NA,2,NA,0.4,2,NA,NA,24,0,"2018 - 2019","Bad Lauchstädt",1
"331",160,1,NA,5,NA,13,NA,1,1,NA,NA,24,0,"2018 - 2019","Bad Lauchstädt",1
"332",160,1,NA,6,NA,9,NA,0.9,0,NA,NA,24,0,"2018 - 2019","Bad Lauchstädt",0
"333",162,1,NA,2,NA,6,NA,0.6,0,NA,NA,24,0,"2018 - 2019","Bad Lauchstädt",0
"337",142,3,1,NA,3,NA,0.5,NA,0,0,0,2,0,"2020 - 2021","Bad Lauchstädt",0
"338",143,3,1,NA,2,NA,0.5,NA,0,0,0,2,0,"2020 - 2021","Bad Lauchstädt",0
"339",144,3,2,10,3.5,85,0.5,13,0,0,0,2,1,"2020 - 2021","Bad Lauchstädt",0
"340",24,3,3,NA,3.5,NA,0.7,NA,0,0,0,9,0,"2020 - 2021","Bad Lauchstädt",0
"341",145,3,2,5,2.5,91,0.5,8,0,0,0,9,1,"2020 - 2021","Bad Lauchstädt",0
"342",29,3,5,11,9,128,1.2,15,0,0,0,1,1,"2020 - 2021","Bad Lauchstädt",0
"343",33,3,NA,NA,NA,NA,NA,NA,0,NA,NA,1,0,"2020 - 2021","Bad Lauchstädt",0
"344",29,3,6,11,8.5,128,1.2,15,0,0,0,1,1,"2020 - 2021","Bad Lauchstädt",0
"345",146,3,13,10,9,100,1.2,12,1,6,0.5,1,1,"2020 - 2021","Bad Lauchstädt",1
"346",35,3,NA,NA,NA,NA,NA,NA,0,NA,NA,1,0,"2020 - 2021","Bad Lauchstädt",0
"347",39,3,24,14,12.7,77,1,10,3,20.5,0.9,1,1,"2020 - 2021","Bad Lauchstädt",1
"348",54,3,5,5,6.4,80,0.6,12,0,NA,NA,1,1,"2020 - 2021","Bad Lauchstädt",0
"349",129,3,5,NA,4.5,NA,6,NA,3,17.2,0.7,1,0,"2020 - 2021","Bad Lauchstädt",1
"350",9,3,5,NA,8.5,NA,0.5,NA,1,6,NA,1,0,"2020 - 2021","Bad Lauchstädt",1
"351",34,3,4,NA,14.7,NA,1.3,NA,0,NA,NA,1,0,"2020 - 2021","Bad Lauchstädt",0
"352",9,3,8,NA,0.5,NA,0.2,NA,0,0,0,1,0,"2020 - 2021","Bad Lauchstädt",0
"353",120,3,6,7,8.5,114,1.1,13,0,0,0,1,1,"2020 - 2021","Bad Lauchstädt",0
"354",121,3,10,14,5,104,1.1,14,2,22,0.7,1,1,"2020 - 2021","Bad Lauchstädt",1
"355",122,3,5,15,7,115,0.8,16,1,15.5,1,1,1,"2020 - 2021","Bad Lauchstädt",1
"356",128,3,7,13,8,93,1.2,10,1,12,0.6,1,1,"2020 - 2021","Bad Lauchstädt",1
"357",147,3,3,NA,3,NA,0.5,NA,0,0,0,1,0,"2020 - 2021","Bad Lauchstädt",0
"358",148,3,4,5,3.4,75,0.4,11,1,6.1,0,1,1,"2020 - 2021","Bad Lauchstädt",1
"359",149,3,5,4,16.5,107,0.9,8,0,0,0,1,1,"2020 - 2021","Bad Lauchstädt",0
"360",149,3,5,4,19.9,107,1.2,8,1,8.8,NA,1,1,"2020 - 2021","Bad Lauchstädt",1
"361",149,3,3,4,12.1,107,0.6,8,0,NA,NA,1,1,"2020 - 2021","Bad Lauchstädt",0
"362",120,3,5,7,9.5,114,1,13,1,2.2,0.2,1,1,"2020 - 2021","Bad Lauchstädt",1
"363",128,3,8,13,6.4,93,1,10,0,0,NA,1,1,"2020 - 2021","Bad Lauchstädt",0
"364",55,3,9,NA,8.2,NA,1,NA,0,0,0,1,0,"2020 - 2021","Bad Lauchstädt",0
"365",64,3,6,5,19.1,107,2.2,10,1,9,0.9,12,1,"2020 - 2021","Bad Lauchstädt",1
"366",67,3,7,4,13.5,90,1.2,6,0,0,0,12,1,"2020 - 2021","Bad Lauchstädt",0
"367",69,3,NA,7,NA,85,NA,15,0,NA,NA,12,0,"2020 - 2021","Bad Lauchstädt",0
"368",44,3,3,4,9.3,70,0.9,6,0,0,0,12,1,"2020 - 2021","Bad Lauchstädt",0
"369",49,3,6,NA,10,NA,1.2,NA,2,18.8,1,12,0,"2020 - 2021","Bad Lauchstädt",1
"370",70,3,4,18,11.4,116,1,16,0,0,0,12,1,"2020 - 2021","Bad Lauchstädt",0
"371",127,3,5,6,11,70,1,7,1,11.8,0.9,12,1,"2020 - 2021","Bad Lauchstädt",1
"372",64,3,5,5,15.5,107,1,10,0,0,0,12,1,"2020 - 2021","Bad Lauchstädt",0
"373",150,3,4,NA,7.5,NA,0.7,NA,0,0,0,12,0,"2020 - 2021","Bad Lauchstädt",0
"374",151,3,4,5,9.5,54,1,6,0,0,0,12,1,"2020 - 2021","Bad Lauchstädt",0
"375",151,3,3,5,2.7,54,0.4,6,1,0.8,0.7,12,1,"2020 - 2021","Bad Lauchstädt",1
"376",70,3,6,18,12.3,116,1.2,16,1,0.5,0.5,12,1,"2020 - 2021","Bad Lauchstädt",1
"377",152,3,3,4,6.9,80,0.8,6,0,0,0,12,1,"2020 - 2021","Bad Lauchstädt",0
"378",153,3,4,5,8,90,0.8,14,0,0,0,12,1,"2020 - 2021","Bad Lauchstädt",0
"379",81,3,5,NA,8.2,NA,0.8,NA,0,0,0,13,0,"2020 - 2021","Bad Lauchstädt",0
"380",82,3,4,4,13.4,100,1.6,12,2,19.2,0.9,13,1,"2020 - 2021","Bad Lauchstädt",1
"381",51,3,NA,NA,NA,NA,NA,NA,0,NA,NA,13,0,"2020 - 2021","Bad Lauchstädt",0
"382",50,3,9,6,10.2,80,1.6,12,1,6,0.5,13,1,"2020 - 2021","Bad Lauchstädt",1
"383",48,3,8,NA,12.4,NA,1.3,NA,0,0,0,13,0,"2020 - 2021","Bad Lauchstädt",0
"384",48,3,6,NA,8.3,NA,1,NA,0,0,0,13,0,"2020 - 2021","Bad Lauchstädt",0
"385",52,3,16,16,9.2,100,1,12,1,16.8,0.7,13,1,"2020 - 2021","Bad Lauchstädt",1
"386",75,3,4,3,1.2,80,0.2,5,0,0,0,13,1,"2020 - 2021","Bad Lauchstädt",0
"387",56,3,47,91,19.8,198,2.1,22,13,32.6,1.8,13,1,"2020 - 2021","Bad Lauchstädt",1
"388",53,3,4,NA,2.5,NA,0.4,NA,0,0,0,13,0,"2020 - 2021","Bad Lauchstädt",0
"389",53,3,5,NA,6.8,NA,0.4,NA,1,5.3,0.3,13,0,"2020 - 2021","Bad Lauchstädt",1
"390",81,3,3,NA,5.5,NA,0.4,NA,0,0,0,13,0,"2020 - 2021","Bad Lauchstädt",0
"391",154,3,4,NA,7.4,NA,0.5,NA,0,0,0,13,0,"2020 - 2021","Bad Lauchstädt",0
"392",50,3,5,6,9.3,80,1,12,0,0,0,13,1,"2020 - 2021","Bad Lauchstädt",0
"393",50,3,5,6,11,80,1.3,12,2,16.5,1,13,1,"2020 - 2021","Bad Lauchstädt",1
"394",155,3,4,NA,6.2,NA,0.4,NA,0,0,0,13,0,"2020 - 2021","Bad Lauchstädt",0
"395",159,3,4,5,7.9,85,0.9,15,0,0,0,13,1,"2020 - 2021","Bad Lauchstädt",0
"396",161,3,3,5,5.9,100,0.4,6,0,0,0,13,1,"2020 - 2021","Bad Lauchstädt",0
"397",163,3,3,3,3.4,85,0.4,7,0,0,0,13,1,"2020 - 2021","Bad Lauchstädt",0
"398",165,3,5,6,2.4,95,0.3,7,0,0,0,13,1,"2020 - 2021","Bad Lauchstädt",0
"399",166,3,4,11,6.2,100,0.8,10,0,0,0,13,1,"2020 - 2021","Bad Lauchstädt",0
"400",167,3,3,4,5.7,70,0.4,4,0,0,0,13,1,"2020 - 2021","Bad Lauchstädt",0
"401",68,3,33,10,12,90,1.2,8,4,24,1.4,9,1,"2020 - 2021","Bad Lauchstädt",1
"402",59,3,4,NA,12.2,NA,0.9,NA,1,13,0.7,9,0,"2020 - 2021","Bad Lauchstädt",1
"403",61,3,5,NA,10.2,NA,0.9,NA,1,26,1,9,0,"2020 - 2021","Bad Lauchstädt",1
"404",60,3,5,8,18.7,85,1.4,10,1,25.4,1.4,9,1,"2020 - 2021","Bad Lauchstädt",1
"405",62,3,3,10,11.3,125,1.3,20,1,14.6,0.5,9,1,"2020 - 2021","Bad Lauchstädt",1
"406",63,3,5,NA,18.5,NA,1,NA,1,22.5,0.7,9,0,"2020 - 2021","Bad Lauchstädt",1
"407",65,3,8,NA,16.1,NA,1.4,NA,0,0,0,9,0,"2020 - 2021","Bad Lauchstädt",0
"408",71,3,7,5,9.5,110,1.2,10,0,0,0,9,1,"2020 - 2021","Bad Lauchstädt",0
"409",72,3,NA,NA,NA,NA,NA,NA,0,NA,NA,9,0,"2020 - 2021","Bad Lauchstädt",0
"410",60,3,3,8,12.1,85,0.9,10,1,2.6,0.5,9,1,"2020 - 2021","Bad Lauchstädt",1
"411",59,3,5,NA,15,NA,1.1,NA,1,21,0.6,9,0,"2020 - 2021","Bad Lauchstädt",1
"412",60,3,7,8,12.5,85,0.7,10,1,3.5,0.6,9,1,"2020 - 2021","Bad Lauchstädt",1
"413",63,3,5,NA,15.2,NA,0.9,NA,1,2,0.7,9,0,"2020 - 2021","Bad Lauchstädt",1
"414",60,3,4,8,12.9,85,1.1,10,1,4.7,0.6,9,1,"2020 - 2021","Bad Lauchstädt",1
"415",168,3,3,NA,13.5,NA,0.7,NA,2,32.3,1.5,9,0,"2020 - 2021","Bad Lauchstädt",1
"416",168,3,4,NA,12.6,NA,0.9,NA,0,0,0,9,0,"2020 - 2021","Bad Lauchstädt",0
"417",168,3,4,NA,9,NA,0.8,NA,0,0,0,9,0,"2020 - 2021","Bad Lauchstädt",0
"418",168,3,7,NA,14,NA,1.2,NA,0,0,0,9,0,"2020 - 2021","Bad Lauchstädt",0
"419",168,3,3,NA,8.2,NA,0.4,NA,0,0,0,9,0,"2020 - 2021","Bad Lauchstädt",0
"420",168,3,3,NA,11,NA,0.6,NA,0,0,0,9,0,"2020 - 2021","Bad Lauchstädt",0
"421",76,3,32,6,13,70,1.2,6,12,24.5,1.2,9,1,"2020 - 2021","Bad Lauchstädt",1
"422",77,3,15,NA,20.5,NA,2.6,NA,3,22,1.5,9,0,"2020 - 2021","Bad Lauchstädt",1
"423",130,3,NA,5,NA,150,NA,7,0,NA,NA,9,0,"2020 - 2021","Bad Lauchstädt",0
"424",79,3,30,30,10,155,1.5,20,17,32,2.5,9,1,"2020 - 2021","Bad Lauchstädt",1
"425",84,3,6,4,9.5,90,1,7,2,28,1.3,9,1,"2020 - 2021","Bad Lauchstädt",1
"426",84,3,8,4,7,90,1,7,2,13,0.7,9,1,"2020 - 2021","Bad Lauchstädt",1
"427",85,3,3,5,11,80,1.2,17,0,0,0,9,1,"2020 - 2021","Bad Lauchstädt",0
"428",86,3,NA,3,NA,50,NA,5,0,NA,NA,9,0,"2020 - 2021","Bad Lauchstädt",0
"429",86,3,NA,3,NA,50,NA,5,0,NA,NA,9,0,"2020 - 2021","Bad Lauchstädt",0
"430",90,3,4,NA,10.5,NA,1.2,NA,3,32.5,1,9,0,"2020 - 2021","Bad Lauchstädt",1
"431",90,3,3,NA,10,NA,1,NA,2,30,1,9,0,"2020 - 2021","Bad Lauchstädt",1
"432",90,3,7,NA,9.5,NA,1.1,NA,4,23,0.8,9,0,"2020 - 2021","Bad Lauchstädt",1
"433",171,3,3,7,8,100,0.6,10,0,0,0,9,1,"2020 - 2021","Bad Lauchstädt",0
"434",172,3,3,5,11,110,0.8,10,0,0,0,9,1,"2020 - 2021","Bad Lauchstädt",0
"435",94,3,5,2,5,75,0.8,4,3,36,1.3,24,1,"2020 - 2021","Bad Lauchstädt",1
"436",93,3,10,5,11,120,0.9,11,3,39.5,2,24,1,"2020 - 2021","Bad Lauchstädt",1
"437",92,3,4,4,12,10,1,11,3,31,1,24,1,"2020 - 2021","Bad Lauchstädt",1
"438",92,3,3,4,10.5,10,1,11,2,6.5,0.5,24,1,"2020 - 2021","Bad Lauchstädt",1
"439",96,3,4,4,9,99,0.7,10,0,0,NA,24,1,"2020 - 2021","Bad Lauchstädt",0
"440",91,3,2,NA,3.5,NA,0.5,NA,0,0,NA,24,0,"2020 - 2021","Bad Lauchstädt",0
"441",91,3,2,NA,4,NA,0.8,NA,0,0,NA,24,0,"2020 - 2021","Bad Lauchstädt",0
"442",97,3,5,NA,6.5,NA,0.9,NA,3,20,1,24,0,"2020 - 2021","Bad Lauchstädt",1
"443",101,3,5,NA,6,NA,0.8,NA,1,5,0.5,24,0,"2020 - 2021","Bad Lauchstädt",1
"444",2080,3,5,4,7,75,0.8,9,3,12,0.5,24,1,"2020 - 2021","Bad Lauchstädt",1
"445",100,3,7,5,10,70,1,8,3,21,1.5,24,1,"2020 - 2021","Bad Lauchstädt",1
"446",111,3,3,8,5.5,102,0.6,15,1,18,1,24,1,"2020 - 2021","Bad Lauchstädt",1
"447",111,3,NA,8,NA,102,NA,15,0,NA,NA,24,0,"2020 - 2021","Bad Lauchstädt",0
"448",109,3,4,8,11.5,40,1.4,5,3,29,1.5,24,1,"2020 - 2021","Bad Lauchstädt",1
"449",109,3,4,8,11,40,1.5,5,3,24.5,1.3,24,1,"2020 - 2021","Bad Lauchstädt",1
"450",88,3,3,NA,8,NA,0.6,NA,1,3.5,0.5,24,0,"2020 - 2021","Bad Lauchstädt",1
"452",103,3,3,7,3.5,82,0.6,12,0,0,0,24,1,"2020 - 2021","Bad Lauchstädt",0
"453",104,3,7,NA,12,NA,1.4,NA,3,32,1.6,24,0,"2020 - 2021","Bad Lauchstädt",1
"454",107,3,4,3,7.5,60,0.6,4,1,1,0.3,24,1,"2020 - 2021","Bad Lauchstädt",1
"455",108,3,4,5,3.5,70,0.5,8,0,0,0,24,1,"2020 - 2021","Bad Lauchstädt",0
"456",98,3,5,4,6,65,0.6,7,2,22,0.8,24,1,"2020 - 2021","Bad Lauchstädt",1
"457",103,3,NA,7,NA,82,NA,12,0,NA,NA,24,0,"2020 - 2021","Bad Lauchstädt",0
"458",99,3,5,11,12,102,0.9,11,0,0,0,24,1,"2020 - 2021","Bad Lauchstädt",0
"459",117,3,11,6,7.5,103,1,17,4,31,1.5,24,1,"2020 - 2021","Bad Lauchstädt",1
"460",119,3,4,NA,6,NA,0.8,NA,4,10.5,0.6,24,0,"2020 - 2021","Bad Lauchstädt",1
"461",118,3,7,4,7,85,0.8,10,5,20,1.5,24,1,"2020 - 2021","Bad Lauchstädt",1
"462",113,3,3,NA,7,NA,0.5,NA,0,0,0,24,0,"2020 - 2021","Bad Lauchstädt",0
"463",98,3,6,4,5.5,65,0.6,7,0,0,0,24,1,"2020 - 2021","Bad Lauchstädt",0
"464",119,3,3,NA,4,NA,0.5,NA,0,0,0,24,0,"2020 - 2021","Bad Lauchstädt",0
"465",100,3,4,5,8,70,1,8,2,22,1,24,1,"2020 - 2021","Bad Lauchstädt",1
"466",100,3,3,5,7,70,0.7,8,3,30,1.3,24,1,"2020 - 2021","Bad Lauchstädt",1
"467",111,3,4,8,7,102,0.7,15,4,33,2,24,1,"2020 - 2021","Bad Lauchstädt",1
"468",109,3,4,8,12,40,1.2,5,3,26,1.5,24,1,"2020 - 2021","Bad Lauchstädt",1
"469",109,3,2,8,6,40,0.8,5,1,11,0.5,24,1,"2020 - 2021","Bad Lauchstädt",1
"470",88,3,3,NA,10,NA,0.6,NA,1,27,1.5,24,0,"2020 - 2021","Bad Lauchstädt",1
"471",108,3,5,5,7,70,0.5,8,0,0,0,24,1,"2020 - 2021","Bad Lauchstädt",0
"472",117,3,6,6,6.5,103,1,17,3,13,0.7,24,1,"2020 - 2021","Bad Lauchstädt",1
"473",118,3,5,4,3,85,0.7,10,2,8.5,0.5,24,1,"2020 - 2021","Bad Lauchstädt",1
"474",156,3,3,NA,11.5,NA,0.8,NA,0,0,0,24,0,"2020 - 2021","Bad Lauchstädt",0
"475",157,3,3,5,3.5,100,0.5,8,0,0,0,24,1,"2020 - 2021","Bad Lauchstädt",0
"476",158,3,2,14,2,115,0.4,13,2,19,0.7,24,1,"2020 - 2021","Bad Lauchstädt",1
"477",160,3,5,8,13,117,1,6,1,8.5,0.7,24,1,"2020 - 2021","Bad Lauchstädt",1
"478",160,3,6,8,9,117,0.9,6,0,0,0,24,1,"2020 - 2021","Bad Lauchstädt",0
"479",162,3,2,5,6,60,0.6,6,0,0,0,24,1,"2020 - 2021","Bad Lauchstädt",0
"480",3397,1,NA,5,NA,125,NA,7,0,NA,NA,8,0,"2018 - 2019","Bad Lauchstädt",0
"481",168,1,NA,NA,NA,NA,NA,NA,0,NA,NA,19,0,"2018 - 2019","Bad Lauchstädt",0
"482",168,1,NA,NA,NA,NA,NA,NA,0,NA,NA,19,0,"2018 - 2019","Bad Lauchstädt",0
"483",168,1,NA,NA,NA,NA,NA,NA,0,NA,NA,19,0,"2018 - 2019","Bad Lauchstädt",0
"484",168,1,NA,NA,NA,NA,NA,NA,0,NA,NA,19,0,"2018 - 2019","Bad Lauchstädt",0
"485",168,1,NA,NA,NA,NA,NA,NA,0,NA,NA,19,0,"2018 - 2019","Bad Lauchstädt",0
"486",168,1,NA,NA,NA,NA,NA,NA,0,NA,NA,19,0,"2018 - 2019","Bad Lauchstädt",0
"487",2306,1,NA,6,NA,80,NA,9,0,NA,NA,19,0,"2018 - 2019","Bad Lauchstädt",0
"488",2306,1,NA,3,NA,65,NA,6,0,NA,NA,19,0,"2018 - 2019","Bad Lauchstädt",0
"489",2306,1,NA,5,NA,90,NA,9,2,NA,NA,19,0,"2018 - 2019","Bad Lauchstädt",1
"490",2347,1,NA,4,NA,90,NA,9,0,NA,NA,19,0,"2018 - 2019","Bad Lauchstädt",0
"491",2347,1,NA,8,NA,90,NA,7,1,NA,NA,19,0,"2018 - 2019","Bad Lauchstädt",1
"492",2347,1,NA,4,NA,100,NA,7,0,NA,NA,19,0,"2018 - 2019","Bad Lauchstädt",0
"493",2348,1,NA,7,NA,75,NA,7,1,NA,NA,19,0,"2018 - 2019","Bad Lauchstädt",1
"494",2636,1,NA,4,NA,80,NA,6,0,NA,NA,19,0,"2018 - 2019","Bad Lauchstädt",0
"495",2645,1,NA,13,NA,80,NA,7,1,NA,NA,19,0,"2018 - 2019","Bad Lauchstädt",1
"496",2649,1,NA,4,NA,90,NA,7,0,NA,NA,19,0,"2018 - 2019","Bad Lauchstädt",0
"497",2651,1,NA,4,NA,120,NA,15,1,NA,NA,19,0,"2018 - 2019","Bad Lauchstädt",1
"498",171,1,NA,7,NA,100,NA,10,1,NA,NA,27,0,"2018 - 2019","Bad Lauchstädt",1
"499",172,1,NA,5,NA,110,NA,10,1,NA,NA,27,0,"2018 - 2019","Bad Lauchstädt",1
"500",2137,1,NA,4,NA,50,NA,5,0,NA,NA,27,0,"2018 - 2019","Bad Lauchstädt",0
"501",2141,1,NA,4,NA,90,NA,13,0,NA,NA,27,0,"2018 - 2019","Bad Lauchstädt",0
"502",2503,1,NA,4,NA,100,NA,13,0,NA,NA,27,0,"2018 - 2019","Bad Lauchstädt",0
"503",156,1,NA,NA,NA,NA,NA,NA,0,NA,NA,16,0,"2018 - 2019","Bad Lauchstädt",0
"504",157,1,NA,5,NA,100,NA,8,2,NA,NA,16,0,"2018 - 2019","Bad Lauchstädt",1
"505",158,1,NA,14,NA,115,NA,13,1,NA,NA,16,0,"2018 - 2019","Bad Lauchstädt",1
"506",160,1,NA,5,NA,125,NA,5,0,NA,NA,16,0,"2018 - 2019","Bad Lauchstädt",0
"507",160,1,NA,8,NA,117,NA,6,0,NA,NA,16,0,"2018 - 2019","Bad Lauchstädt",0
"508",162,1,NA,5,NA,60,NA,6,0,NA,NA,16,0,"2018 - 2019","Bad Lauchstädt",0
"509",2142,1,NA,4,NA,62,NA,7,0,NA,NA,16,0,"2018 - 2019","Bad Lauchstädt",0
"510",2305,1,NA,5,NA,120,NA,7,1,NA,NA,16,0,"2018 - 2019","Bad Lauchstädt",1
"511",2307,1,NA,4,NA,70,NA,5,0,NA,NA,16,0,"2018 - 2019","Bad Lauchstädt",0
"512",2346,1,NA,3,NA,75,NA,7,0,NA,NA,16,0,"2018 - 2019","Bad Lauchstädt",0
"513",2481,1,NA,4,NA,105,NA,9,1,NA,NA,16,0,"2018 - 2019","Bad Lauchstädt",1
"514",2481,1,NA,4,NA,95,NA,6,0,NA,NA,16,0,"2018 - 2019","Bad Lauchstädt",0
"515",2481,1,NA,3,NA,50,NA,6,0,NA,NA,16,0,"2018 - 2019","Bad Lauchstädt",0
"516",2635,1,NA,4,NA,75,NA,9,0,NA,NA,16,0,"2018 - 2019","Bad Lauchstädt",0
"517",2650,1,NA,4,NA,70,NA,3,0,NA,NA,16,0,"2018 - 2019","Bad Lauchstädt",0
"518",0,1,NA,4,NA,30,NA,4,0,NA,NA,16,0,"2018 - 2019","Bad Lauchstädt",0
"519",3398,1,NA,4,NA,68,NA,5,0,NA,NA,9,0,"2018 - 2019","Bad Lauchstädt",0
"520",3399,1,NA,5,NA,89,NA,7,0,NA,NA,9,0,"2018 - 2019","Bad Lauchstädt",0
"521",3400,1,NA,4,NA,94,NA,7,0,NA,NA,9,0,"2018 - 2019","Bad Lauchstädt",0
"522",3401,1,NA,6,NA,144,NA,10,0,NA,NA,17,0,"2018 - 2019","Bad Lauchstädt",0
"523",3402,1,NA,5,NA,35,NA,7,0,NA,NA,17,0,"2018 - 2019","Bad Lauchstädt",0
"524",3403,1,NA,4,NA,66,NA,5,0,NA,NA,17,0,"2018 - 2019","Bad Lauchstädt",0
"525",142,1,NA,NA,NA,NA,NA,NA,0,NA,NA,8,0,"2018 - 2019","Bad Lauchstädt",0
"526",143,1,NA,NA,NA,NA,NA,NA,0,NA,NA,8,0,"2018 - 2019","Bad Lauchstädt",0
"527",144,1,NA,10,NA,85,NA,13,0,NA,NA,8,0,"2018 - 2019","Bad Lauchstädt",0
"528",145,1,NA,5,NA,91,NA,8,0,NA,NA,7,0,"2018 - 2019","Bad Lauchstädt",0
"529",3404,1,NA,4,NA,71,NA,6,0,NA,NA,7,0,"2018 - 2019","Bad Lauchstädt",0
"530",3405,1,NA,7,NA,77,NA,13,0,NA,NA,7,0,"2018 - 2019","Bad Lauchstädt",0
"531",3406,1,NA,4,NA,65,NA,5,0,NA,NA,7,0,"2018 - 2019","Bad Lauchstädt",0
"532",146,1,NA,10,NA,100,NA,12,2,NA,NA,5,0,"2018 - 2019","Bad Lauchstädt",1
"533",147,1,NA,NA,NA,NA,NA,NA,0,NA,NA,8,0,"2018 - 2019","Bad Lauchstädt",0
"534",148,1,NA,5,NA,75,NA,11,0,NA,NA,8,0,"2018 - 2019","Bad Lauchstädt",0
"535",149,1,NA,3,NA,64,NA,7,0,NA,NA,8,0,"2018 - 2019","Bad Lauchstädt",0
"536",149,1,NA,4,NA,97,NA,8,0,NA,NA,8,0,"2018 - 2019","Bad Lauchstädt",0
"537",149,1,NA,4,NA,107,NA,8,0,NA,NA,8,0,"2018 - 2019","Bad Lauchstädt",0
"538",150,1,NA,NA,NA,NA,NA,NA,0,NA,NA,13,0,"2018 - 2019","Bad Lauchstädt",0
"539",151,1,NA,4,NA,72,NA,9,0,NA,NA,13,0,"2018 - 2019","Bad Lauchstädt",0
"540",151,1,NA,5,NA,54,NA,6,1,NA,NA,13,0,"2018 - 2019","Bad Lauchstädt",1
"541",152,1,NA,4,NA,80,NA,6,0,NA,NA,13,0,"2018 - 2019","Bad Lauchstädt",0
"542",153,1,NA,5,NA,90,NA,14,0,NA,NA,13,0,"2018 - 2019","Bad Lauchstädt",0
"543",3407,1,NA,4,NA,60,NA,5,0,NA,NA,13,0,"2018 - 2019","Bad Lauchstädt",0
"544",154,1,NA,NA,NA,NA,NA,NA,0,NA,NA,9,0,"2018 - 2019","Bad Lauchstädt",0
"545",155,1,NA,NA,NA,NA,NA,NA,0,NA,NA,9,0,"2018 - 2019","Bad Lauchstädt",0
"546",159,1,NA,5,NA,85,NA,15,1,NA,NA,9,0,"2018 - 2019","Bad Lauchstädt",1
"547",161,1,NA,5,NA,70,NA,8,1,NA,NA,9,0,"2018 - 2019","Bad Lauchstädt",1
"548",161,1,NA,5,NA,45,NA,9,0,NA,NA,9,0,"2018 - 2019","Bad Lauchstädt",0
"549",161,1,NA,5,NA,100,NA,6,0,NA,NA,9,0,"2018 - 2019","Bad Lauchstädt",0
"550",163,1,NA,3,NA,85,NA,7,0,NA,NA,9,0,"2018 - 2019","Bad Lauchstädt",0
"551",165,1,NA,6,NA,95,NA,7,0,NA,NA,9,0,"2018 - 2019","Bad Lauchstädt",0
"552",166,1,NA,11,NA,100,NA,10,3,NA,NA,9,0,"2018 - 2019","Bad Lauchstädt",1
"553",167,1,NA,4,NA,70,NA,4,0,NA,NA,9,0,"2018 - 2019","Bad Lauchstädt",0
"554",2352,1,NA,7,NA,100,NA,12,2,NA,NA,9,0,"2018 - 2019","Bad Lauchstädt",1
"555",2353,1,NA,4,NA,60,NA,10,0,NA,NA,9,0,"2018 - 2019","Bad Lauchstädt",0
"556",2354,1,NA,6,NA,65,NA,5,0,NA,NA,9,0,"2018 - 2019","Bad Lauchstädt",0
"557",2354,1,NA,7,NA,80,NA,7,0,NA,NA,9,0,"2018 - 2019","Bad Lauchstädt",0
"558",2354,1,NA,7,NA,60,NA,6,0,NA,NA,9,0,"2018 - 2019","Bad Lauchstädt",0
